time,gFx,gFy,gFz,ax,ay,az,wx,wy,wz,P
0.008,0.08,-0.05,0.96,-0.23,-0.09,0.77,0.03,0.09,-0.12,0.00
0.011,0.08,-0.05,0.96,-0.23,-0.09,0.77,-0.01,-0.01,-0.01,0.00
0.012,0.08,-0.05,0.96,0.13,0.07,-0.40,-0.01,-0.01,-0.01,0.00
0.052,0.10,-0.04,1.02,0.13,0.07,-0.40,-0.01,-0.01,-0.01,0.00
0.053,0.10,-0.04,1.02,0.13,0.07,-0.40,0.05,-0.19,0.02,0.00
0.054,0.10,-0.04,1.02,0.11,0.10,0.25,0.05,-0.19,0.02,0.00
0.101,0.06,-0.04,1.02,0.11,0.10,0.25,0.05,-0.19,0.02,0.00
0.122,0.06,-0.04,1.02,0.11,0.10,0.25,0.05,0.05,-0.10,0.00
0.123,0.06,-0.04,1.02,-0.18,0.02,0.25,0.05,0.05,-0.10,0.00
0.179,0.06,-0.04,0.98,-0.18,0.02,0.25,0.05,0.05,-0.10,0.00
0.181,0.06,-0.04,0.98,-0.18,0.02,0.25,0.03,0.14,-0.10,0.00
0.181,0.06,-0.04,0.98,-0.12,0.04,-0.15,0.03,0.14,-0.10,0.00
0.246,0.09,-0.04,1.00,-0.12,0.04,-0.15,0.03,0.14,-0.10,0.00
0.247,0.09,-0.04,1.00,-0.12,0.04,-0.15,0.05,-0.07,-0.03,0.00
0.247,0.09,-0.04,1.00,0.23,0.03,0.02,0.05,-0.07,-0.03,0.00
0.312,0.07,-0.05,1.06,0.23,0.03,0.02,0.05,-0.07,-0.03,0.00
0.313,0.07,-0.05,1.06,0.23,0.03,0.02,-0.04,-0.01,0.06,0.00
0.314,0.07,-0.05,1.06,-0.05,-0.17,0.69,-0.04,-0.01,0.06,0.00
0.362,0.07,-0.05,0.99,-0.05,-0.17,0.69,-0.04,-0.01,0.06,0.00
0.372,0.07,-0.05,0.99,-0.05,-0.17,0.69,-0.06,0.19,-0.01,0.00
0.372,0.07,-0.05,0.99,0.11,-0.10,-0.09,-0.06,0.19,-0.01,0.00
0.427,0.10,-0.04,1.00,0.11,-0.10,-0.09,-0.06,0.19,-0.01,0.00
0.439,0.10,-0.04,1.00,0.11,-0.10,-0.09,0.02,-0.16,0.05,0.00
0.44,0.10,-0.04,1.00,0.30,0.05,-0.01,0.02,-0.16,0.05,0.00
0.493,0.06,-0.05,1.02,0.30,0.05,-0.01,0.02,-0.16,0.05,0.00
0.504,0.06,-0.05,1.02,0.30,0.05,-0.01,-0.00,0.00,-0.02,0.00
0.504,0.06,-0.05,1.02,-0.21,-0.07,0.08,-0.00,0.00,-0.02,0.00
0.56,0.07,-0.05,1.01,-0.21,-0.07,0.08,-0.00,0.00,-0.02,0.00
0.57,0.07,-0.05,1.01,-0.21,-0.07,0.08,-0.04,0.03,0.05,0.00
0.571,0.07,-0.05,1.01,0.13,-0.09,-0.05,-0.04,0.03,0.05,0.00
0.625,0.07,-0.04,1.02,0.13,-0.09,-0.05,-0.04,0.03,0.05,0.00
0.637,0.07,-0.04,1.02,0.13,-0.09,-0.05,0.00,0.00,0.03,0.00
0.638,0.07,-0.04,1.02,0.03,0.04,0.19,0.00,0.00,0.03,0.00
0.692,0.08,-0.04,1.02,0.03,0.04,0.19,0.00,0.00,0.03,0.00
0.702,0.08,-0.04,1.02,0.03,0.04,0.19,0.04,-0.02,-0.02,0.00
0.703,0.08,-0.04,1.02,0.08,0.04,0.24,0.04,-0.02,-0.02,0.00
0.758,0.09,-0.05,1.02,0.08,0.04,0.24,0.04,-0.02,-0.02,0.00
0.768,0.09,-0.05,1.02,0.08,0.04,0.24,0.01,-0.03,0.01,0.00
0.768,0.09,-0.05,1.02,0.22,-0.06,-0.09,0.01,-0.03,0.01,0.00
0.823,0.08,-0.05,1.02,0.22,-0.06,-0.09,0.01,-0.03,0.01,0.00
0.835,0.08,-0.05,1.02,0.22,-0.06,-0.09,-0.01,-0.03,0.05,0.00
0.836,0.08,-0.05,1.02,0.07,-0.04,0.24,-0.01,-0.03,0.05,0.00
0.889,0.09,-0.05,0.99,0.07,-0.04,0.24,-0.01,-0.03,0.05,0.00
0.9,0.09,-0.05,0.99,0.07,-0.04,0.24,-0.01,-0.06,0.06,0.00
0.901,0.09,-0.05,0.99,0.15,-0.05,-0.03,-0.01,-0.06,0.06,0.00
0.957,0.06,-0.05,0.99,0.15,-0.05,-0.03,-0.01,-0.06,0.06,0.00
0.966,0.06,-0.05,0.99,0.15,-0.05,-0.03,-0.04,0.05,0.09,0.00
0.966,0.06,-0.05,0.99,0.01,-0.10,-0.02,-0.04,0.05,0.09,0.00
1.021,0.07,-0.05,0.98,0.01,-0.10,-0.02,-0.04,0.05,0.09,0.00
1.034,0.07,-0.05,0.98,0.01,-0.10,-0.02,-0.05,-0.03,0.12,0.00
1.035,0.07,-0.05,0.98,-0.09,-0.01,-0.20,-0.05,-0.03,0.12,0.00
1.087,0.05,-0.05,1.03,-0.09,-0.01,-0.20,-0.05,-0.03,0.12,0.00
1.098,0.05,-0.05,1.03,-0.09,-0.01,-0.20,-0.03,0.13,-0.04,0.00
1.098,0.05,-0.05,1.03,-0.22,0.01,0.29,-0.03,0.13,-0.04,0.00
1.164,0.08,-0.03,0.99,-0.22,0.01,0.29,-0.03,0.13,-0.04,0.00
1.165,0.08,-0.03,0.99,-0.22,0.01,0.29,0.12,0.00,-0.19,0.00
1.166,0.08,-0.03,0.99,0.22,0.22,0.02,0.12,0.00,-0.19,0.00
1.219,0.09,-0.03,1.05,0.22,0.22,0.02,0.12,0.00,-0.19,0.00
1.231,0.09,-0.03,1.05,0.22,0.22,0.02,0.15,-0.08,-0.21,0.00
1.232,0.09,-0.03,1.05,0.01,0.09,0.35,0.15,-0.08,-0.21,0.00
1.285,0.09,-0.03,1.02,0.01,0.09,0.35,0.15,-0.08,-0.21,0.00
1.296,0.09,-0.03,1.02,0.01,0.09,0.35,0.05,-0.05,-0.09,0.00
1.296,0.09,-0.03,1.02,0.18,-0.01,0.19,0.05,-0.05,-0.09,0.00
1.361,0.09,-0.03,1.01,0.18,-0.01,0.19,0.05,-0.05,-0.09,0.00
1.362,0.09,-0.03,1.01,0.18,-0.01,0.19,0.01,-0.09,0.02,0.00
1.363,0.09,-0.03,1.01,0.05,-0.00,0.14,0.01,-0.09,0.02,0.00
1.417,0.10,-0.05,1.02,0.05,-0.00,0.14,0.01,-0.09,0.02,0.00
1.429,0.10,-0.05,1.02,0.05,-0.00,0.14,-0.07,-0.10,0.13,0.00
1.43,0.10,-0.05,1.02,0.13,-0.14,0.29,-0.07,-0.10,0.13,0.00
1.483,0.10,-0.07,0.97,0.13,-0.14,0.29,-0.07,-0.10,0.13,0.00
1.494,0.10,-0.07,0.97,0.13,-0.14,0.29,-0.13,-0.07,0.21,0.00
1.494,0.10,-0.07,0.97,0.03,-0.17,-0.22,-0.13,-0.07,0.21,0.00
1.56,0.06,-0.07,0.98,0.03,-0.17,-0.22,-0.13,-0.07,0.21,0.00
1.562,0.06,-0.07,0.98,0.03,-0.17,-0.22,-0.14,0.07,0.20,0.00
1.562,0.06,-0.07,0.98,-0.27,-0.08,-0.10,-0.14,0.07,0.20,0.00
1.615,0.09,-0.06,1.01,-0.27,-0.08,-0.10,-0.14,0.07,0.20,0.00
1.627,0.09,-0.06,1.01,-0.27,-0.08,-0.10,-0.02,0.03,0.03,0.00
1.628,0.09,-0.06,1.01,0.02,0.00,0.12,-0.02,0.03,0.03,0.00
1.681,0.08,-0.05,0.99,0.02,0.00,0.12,-0.02,0.03,0.03,0.00
1.692,0.08,-0.05,0.99,0.02,0.00,0.12,0.05,0.04,-0.10,0.00
1.692,0.08,-0.05,0.99,-0.04,0.09,-0.05,0.05,0.04,-0.10,0.00
1.758,0.07,-0.05,1.01,-0.04,0.09,-0.05,0.05,0.04,-0.10,0.00
1.759,0.07,-0.05,1.01,-0.04,0.09,-0.05,0.05,0.11,-0.15,0.00
1.76,0.07,-0.05,1.01,-0.05,0.04,0.18,0.05,0.11,-0.15,0.00
1.813,0.09,-0.04,1.00,-0.05,0.04,0.18,0.05,0.11,-0.15,0.00
1.825,0.09,-0.04,1.00,-0.05,0.04,0.18,0.06,-0.04,-0.07,0.00
1.826,0.09,-0.04,1.00,0.08,0.04,0.06,0.06,-0.04,-0.07,0.00
1.889,0.10,-0.04,1.02,0.08,0.04,0.06,0.06,-0.04,-0.07,0.00
1.891,0.10,-0.04,1.02,0.08,0.04,0.06,0.05,-0.06,-0.05,0.00
1.891,0.10,-0.04,1.02,0.15,0.06,0.24,0.05,-0.06,-0.05,0.00
1.957,0.08,-0.03,1.02,0.15,0.06,0.24,0.05,-0.06,-0.05,0.00
1.959,0.08,-0.03,1.02,0.15,0.06,0.24,0.03,-0.01,-0.07,0.00
1.96,0.08,-0.03,1.02,-0.04,0.07,0.20,0.03,-0.01,-0.07,0.00
2.012,0.12,-0.03,1.00,-0.04,0.07,0.20,0.03,-0.01,-0.07,0.00
2.024,0.12,-0.03,1.00,-0.04,0.07,0.20,0.04,-0.14,-0.02,0.00
2.025,0.12,-0.03,1.00,0.22,0.07,0.07,0.04,-0.14,-0.02,0.00
2.081,0.10,-0.05,1.01,0.22,0.07,0.07,0.04,-0.14,-0.02,0.00
2.088,0.10,-0.05,1.01,0.22,0.07,0.07,-0.01,-0.09,0.04,0.00
2.089,0.10,-0.05,1.01,-0.01,-0.08,0.19,-0.01,-0.09,0.04,0.00
2.155,0.09,-0.06,1.01,-0.01,-0.08,0.19,-0.01,-0.09,0.04,0.00
2.157,0.09,-0.06,1.01,-0.01,-0.08,0.19,-0.13,0.07,0.15,0.00
2.158,0.09,-0.06,1.01,0.05,-0.17,0.14,-0.13,0.07,0.15,0.00
2.209,0.12,-0.05,0.97,0.05,-0.17,0.14,-0.13,0.07,0.15,0.00
2.221,0.12,-0.05,0.97,0.05,-0.17,0.14,-0.08,-0.09,0.17,0.00
2.222,0.12,-0.05,0.97,0.16,0.01,-0.22,-0.08,-0.09,0.17,0.00
2.275,0.10,-0.04,1.00,0.16,0.01,-0.22,-0.08,-0.09,0.17,0.00
2.286,0.10,-0.04,1.00,0.16,0.01,-0.22,0.05,-0.04,-0.08,0.00
2.286,0.10,-0.04,1.00,-0.03,0.11,0.11,0.05,-0.04,-0.08,0.00
2.341,0.10,-0.03,1.00,-0.03,0.11,0.11,0.05,-0.04,-0.08,0.00
2.352,0.10,-0.03,1.00,-0.03,0.11,0.11,0.10,0.05,-0.19,0.00
2.352,0.10,-0.03,1.00,-0.02,0.10,0.10,0.10,0.05,-0.19,0.00
2.407,0.09,-0.04,0.99,-0.02,0.10,0.10,0.10,0.05,-0.19,0.00
2.419,0.09,-0.04,0.99,-0.02,0.10,0.10,0.05,0.07,-0.12,0.00
2.42,0.09,-0.04,0.99,-0.08,-0.02,-0.04,0.05,0.07,-0.12,0.00
2.474,0.09,-0.05,1.03,-0.08,-0.02,-0.04,0.05,0.07,-0.12,0.00
2.484,0.09,-0.05,1.03,-0.08,-0.02,-0.04,-0.04,0.06,-0.02,0.00
2.484,0.09,-0.05,1.03,-0.04,-0.09,0.30,-0.04,0.06,-0.02,0.00
2.539,0.08,-0.05,1.01,-0.04,-0.09,0.30,-0.04,0.06,-0.02,0.00
2.55,0.08,-0.05,1.01,-0.04,-0.09,0.30,-0.03,0.06,0.00,0.00
2.551,0.08,-0.05,1.01,-0.07,-0.05,0.12,-0.03,0.06,0.00,0.00
2.605,0.05,-0.06,1.01,-0.07,-0.05,0.12,-0.03,0.06,0.00,0.00
2.617,0.05,-0.06,1.01,-0.07,-0.05,0.12,-0.07,0.09,0.08,0.00
2.618,0.05,-0.06,1.01,-0.33,-0.10,0.14,-0.07,0.09,0.08,0.00
2.671,0.10,-0.05,1.01,-0.33,-0.10,0.14,-0.07,0.09,0.08,0.00
2.682,0.10,-0.05,1.01,-0.33,-0.10,0.14,-0.06,0.10,0.06,0.00
2.682,0.10,-0.05,1.01,0.25,0.04,0.15,-0.06,0.10,0.06,0.00
2.737,0.15,-0.03,0.97,0.25,0.04,0.15,-0.06,0.10,0.06,0.00
2.748,0.15,-0.03,0.97,0.25,0.04,0.15,0.11,-0.43,0.11,0.00
2.748,0.15,-0.03,0.97,0.44,0.16,-0.19,0.11,-0.43,0.11,0.00
2.803,0.10,-0.05,1.02,0.44,0.16,-0.19,0.11,-0.43,0.11,0.00
2.815,0.10,-0.05,1.02,0.44,0.16,-0.19,-0.00,-0.04,0.05,0.00
2.816,0.10,-0.05,1.02,-0.20,-0.12,0.20,-0.00,-0.04,0.05,0.00
2.87,0.10,-0.06,1.01,-0.20,-0.12,0.20,-0.00,-0.04,0.05,0.00
2.88,0.10,-0.06,1.01,-0.20,-0.12,0.20,-0.08,0.11,0.07,0.00
2.881,0.10,-0.06,1.01,-0.00,-0.06,0.18,-0.08,0.11,0.07,0.00
2.936,0.11,-0.05,0.96,-0.00,-0.06,0.18,-0.08,0.11,0.07,0.00
2.945,0.11,-0.05,0.96,-0.00,-0.06,0.18,-0.02,-0.11,0.14,0.00
2.946,0.11,-0.05,0.96,0.05,-0.01,-0.30,-0.02,-0.11,0.14,0.00
3.001,0.11,-0.05,1.05,0.05,-0.01,-0.30,-0.02,-0.11,0.14,0.00
3.014,0.11,-0.05,1.05,0.05,-0.01,-0.30,0.02,0.02,-0.03,0.00
3.014,0.11,-0.05,1.05,0.05,0.03,0.35,0.02,0.02,-0.03,0.00
3.095,0.11,-0.05,1.05,0.05,0.03,0.35,0.03,0.04,-0.07,0.00
3.102,0.11,-0.05,1.05,-0.11,0.06,-0.06,0.03,0.04,-0.07,0.00
3.104,0.10,-0.06,1.01,-0.11,0.06,-0.06,0.03,0.04,-0.07,0.00
3.133,0.11,-0.05,0.98,-0.11,0.06,-0.06,0.03,0.04,-0.07,0.00
3.148,0.11,-0.05,0.98,-0.11,0.06,-0.06,-0.02,-0.05,0.07,0.00
3.15,0.11,-0.05,0.98,-0.03,-0.02,-0.11,-0.02,-0.05,0.07,0.00
3.225,0.10,-0.04,1.01,-0.03,-0.02,-0.11,-0.02,-0.05,0.07,0.00
3.226,0.10,-0.04,1.01,-0.03,-0.02,-0.11,0.00,0.06,-0.03,0.00
3.226,0.10,-0.04,1.01,0.20,0.05,0.22,0.00,0.06,-0.03,0.00
3.274,0.09,-0.04,1.00,0.20,0.05,0.22,0.00,0.06,-0.03,0.00
3.276,0.09,-0.04,1.00,0.20,0.05,0.22,0.03,0.06,-0.08,0.00
3.277,0.09,-0.04,1.00,-0.19,0.07,-0.04,0.03,0.06,-0.08,0.00
3.331,0.11,-0.03,1.00,-0.19,0.07,-0.04,0.03,0.06,-0.08,0.00
3.342,0.11,-0.03,1.00,-0.19,0.07,-0.04,0.05,0.04,-0.11,0.00
3.342,0.11,-0.03,1.00,0.06,0.11,0.06,0.05,0.04,-0.11,0.00
3.421,0.11,-0.04,0.99,0.06,0.11,0.06,0.05,0.04,-0.11,0.00
3.429,0.11,-0.04,0.99,0.06,0.11,0.06,0.04,-0.07,-0.03,0.00
3.429,0.11,-0.04,0.99,-0.05,-0.02,0.06,0.04,-0.07,-0.03,0.00
3.483,0.10,-0.05,1.00,-0.05,-0.02,0.06,0.04,-0.07,-0.03,0.00
3.484,0.10,-0.05,1.00,-0.05,-0.02,0.06,-0.02,0.03,-0.01,0.00
3.485,0.10,-0.05,1.00,-0.04,-0.04,0.04,-0.02,0.03,-0.01,0.00
3.529,0.10,-0.05,1.01,-0.04,-0.04,0.04,-0.02,0.03,-0.01,0.00
3.54,0.10,-0.05,1.01,-0.04,-0.04,0.04,-0.01,0.04,0.01,0.00
3.541,0.10,-0.05,1.01,-0.03,-0.06,0.19,-0.01,0.04,0.01,0.00
3.603,0.11,-0.05,1.02,-0.03,-0.06,0.19,-0.01,0.04,0.01,0.00
3.607,0.11,-0.05,1.02,-0.03,-0.06,0.19,-0.03,0.00,0.05,0.00
3.608,0.11,-0.05,1.02,0.16,-0.04,0.22,-0.03,0.00,0.05,0.00
3.687,0.10,-0.06,0.97,0.16,-0.04,0.22,-0.03,0.00,0.05,0.00
3.696,0.10,-0.06,0.97,0.16,-0.04,0.22,-0.05,-0.07,0.10,0.00
3.696,0.10,-0.06,0.97,-0.19,-0.11,0.03,-0.05,-0.07,0.10,0.00
3.727,0.11,-0.05,0.97,-0.19,-0.11,0.03,-0.05,-0.07,0.10,0.00
3.738,0.11,-0.05,0.97,-0.19,-0.11,0.03,-0.02,0.02,0.01,0.00
3.738,0.11,-0.05,0.97,0.09,0.07,-0.05,-0.02,0.02,0.01,0.00
3.794,0.11,-0.04,1.00,0.09,0.07,-0.05,-0.02,0.02,0.01,0.00
3.805,0.11,-0.04,1.00,0.09,0.07,-0.05,0.06,-0.07,-0.04,0.00
3.806,0.11,-0.04,1.00,0.06,0.09,0.04,0.06,-0.07,-0.04,0.00
3.869,0.10,-0.05,1.01,0.06,0.09,0.04,0.06,-0.07,-0.04,0.00
3.892,0.10,-0.05,1.01,0.06,0.09,0.04,0.04,0.01,-0.06,0.00
3.893,0.10,-0.05,1.01,-0.05,-0.01,0.15,0.04,0.01,-0.06,0.00
3.925,0.11,-0.05,1.03,-0.05,-0.01,0.15,0.04,0.01,-0.06,0.00
3.936,0.11,-0.05,1.03,-0.05,-0.01,0.15,0.01,0.01,-0.04,0.00
3.936,0.11,-0.05,1.03,0.09,-0.04,0.26,0.01,0.01,-0.04,0.00
4.003,0.11,-0.04,0.99,0.09,-0.04,0.26,0.01,0.01,-0.04,0.00
4.006,0.11,-0.04,0.99,0.09,-0.04,0.26,0.01,-0.04,-0.01,0.00
4.006,0.11,-0.04,0.99,0.07,0.00,0.01,0.01,-0.04,-0.01,0.00
4.075,0.10,-0.04,1.02,0.07,0.00,0.01,0.01,-0.04,-0.01,0.00
4.077,0.10,-0.04,1.02,0.07,0.00,0.01,0.01,0.02,-0.04,0.00
4.078,0.10,-0.04,1.02,-0.06,-0.01,0.30,0.01,0.02,-0.04,0.00
4.123,0.12,-0.05,0.99,-0.06,-0.01,0.30,0.01,0.02,-0.04,0.00
4.134,0.12,-0.05,0.99,-0.06,-0.01,0.30,-0.00,-0.04,0.02,0.00
4.134,0.12,-0.05,0.99,0.11,-0.02,0.05,-0.00,-0.04,0.02,0.00
4.205,0.09,-0.05,0.99,0.11,-0.02,0.05,-0.00,-0.04,0.02,0.00
4.207,0.09,-0.05,0.99,0.11,-0.02,0.05,-0.03,-0.04,0.03,0.00
4.207,0.09,-0.05,0.99,-0.15,-0.05,-0.05,-0.03,-0.04,0.03,0.00
4.265,0.11,-0.05,0.98,-0.15,-0.05,-0.05,-0.03,-0.04,0.03,0.00
4.266,0.11,-0.05,0.98,-0.15,-0.05,-0.05,-0.02,-0.02,0.05,0.00
4.267,0.11,-0.05,0.98,0.05,-0.00,-0.11,-0.02,-0.02,0.05,0.00
4.321,0.10,-0.04,1.02,0.05,-0.00,-0.11,-0.02,-0.02,0.05,0.00
4.332,0.10,-0.04,1.02,0.05,-0.00,-0.11,0.02,0.05,-0.07,0.00
4.333,0.10,-0.04,1.02,-0.07,0.06,0.25,0.02,0.05,-0.07,0.00
4.388,0.08,-0.05,1.01,-0.07,0.06,0.25,0.02,0.05,-0.07,0.00
4.399,0.08,-0.05,1.01,-0.07,0.06,0.25,-0.00,0.12,-0.05,0.00
4.4,0.08,-0.05,1.01,0.01,-0.00,0.16,-0.00,0.12,-0.05,0.00
4.497,0.10,-0.04,0.99,0.01,-0.00,0.16,-0.00,0.12,-0.05,0.00
4.5,0.10,-0.04,0.99,0.01,-0.00,0.16,0.02,-0.02,0.02,0.00
4.506,0.10,-0.04,0.99,0.05,0.05,-0.06,0.02,-0.02,0.02,0.00
4.519,0.11,-0.04,1.02,0.05,0.05,-0.06,0.02,-0.02,0.02,0.00
4.53,0.11,-0.04,1.02,0.05,0.05,-0.06,0.03,-0.04,-0.03,0.00
4.531,0.11,-0.04,1.02,0.06,0.02,0.22,0.03,-0.04,-0.03,0.00
4.586,0.11,-0.05,1.03,0.06,0.02,0.22,0.03,-0.04,-0.03,0.00
4.597,0.11,-0.05,1.03,0.06,0.02,0.22,-0.00,-0.01,-0.00,0.00
4.598,0.11,-0.05,1.03,0.22,-0.00,0.22,-0.00,-0.01,-0.00,0.00
4.661,0.11,-0.03,0.99,0.22,-0.00,0.22,-0.00,-0.01,-0.00,0.00
4.67,0.11,-0.03,0.99,0.22,-0.00,0.22,0.04,-0.08,0.01,0.00
4.672,0.11,-0.03,0.99,0.04,0.05,-0.01,0.04,-0.08,0.01,0.00
4.717,0.11,-0.05,1.00,0.04,0.05,-0.01,0.04,-0.08,0.01,0.00
4.729,0.11,-0.05,1.00,0.04,0.05,-0.01,0.00,-0.02,0.00,0.00
4.73,0.11,-0.05,1.00,0.02,-0.06,0.09,0.00,-0.02,0.00,0.00
4.786,0.11,-0.05,1.00,0.02,-0.06,0.09,0.00,-0.02,0.00,0.00
4.795,0.11,-0.05,1.00,0.02,-0.06,0.09,-0.05,-0.02,0.09,0.00
4.796,0.11,-0.05,1.00,-0.02,-0.06,0.16,-0.05,-0.02,0.09,0.00
4.849,0.11,-0.04,1.01,-0.02,-0.06,0.16,-0.05,-0.02,0.09,0.00
4.86,0.11,-0.04,1.01,-0.02,-0.06,0.16,-0.01,0.02,0.03,0.00
4.861,0.11,-0.04,1.01,0.00,0.03,0.07,-0.01,0.02,0.03,0.00
4.923,0.11,-0.04,1.01,0.00,0.03,0.07,-0.01,0.02,0.03,0.00
4.926,0.11,-0.04,1.01,0.00,0.03,0.07,0.03,0.00,-0.01,0.00
4.926,0.11,-0.04,1.01,0.09,0.02,0.16,0.03,0.00,-0.01,0.00
4.996,0.10,-0.04,1.00,0.09,0.02,0.16,0.03,0.00,-0.01,0.00
5.004,0.10,-0.04,1.00,0.09,0.02,0.16,0.00,0.02,0.01,0.00
5.004,0.10,-0.04,1.00,-0.05,-0.06,0.05,0.00,0.02,0.01,0.00
5.049,0.12,-0.04,1.02,-0.05,-0.06,0.05,0.00,0.02,0.01,0.00
5.058,0.12,-0.04,1.02,-0.05,-0.06,0.05,0.02,-0.04,0.00,0.00
5.059,0.12,-0.04,1.02,0.08,0.04,0.06,0.02,-0.04,0.00,0.00
5.125,0.10,-0.04,1.02,0.08,0.04,0.06,0.02,-0.04,0.00,0.00
5.126,0.10,-0.04,1.02,0.08,0.04,0.06,0.00,0.05,-0.01,0.00
5.127,0.10,-0.04,1.02,-0.03,-0.02,0.28,0.00,0.05,-0.01,0.00
5.185,0.12,-0.05,0.99,-0.03,-0.02,0.28,0.00,0.05,-0.01,0.00
5.192,0.12,-0.05,0.99,-0.03,-0.02,0.28,-0.03,-0.06,0.03,0.00
5.195,0.12,-0.05,0.99,0.14,-0.05,-0.01,-0.03,-0.06,0.03,0.00
5.245,0.08,-0.04,1.00,0.14,-0.05,-0.01,-0.03,-0.06,0.03,0.00
5.258,0.08,-0.04,1.00,0.14,-0.05,-0.01,-0.02,0.08,-0.01,0.00
5.259,0.08,-0.04,1.00,-0.18,0.01,0.06,-0.02,0.08,-0.01,0.00
5.32,0.11,-0.03,1.00,-0.18,0.01,0.06,-0.02,0.08,-0.01,0.00
5.323,0.11,-0.03,1.00,-0.18,0.01,0.06,0.02,0.03,-0.05,0.00
5.328,0.11,-0.03,1.00,0.12,0.05,0.11,0.02,0.03,-0.05,0.00
5.396,0.10,-0.04,1.01,0.12,0.05,0.11,0.02,0.03,-0.05,0.00
5.401,0.10,-0.04,1.01,0.12,0.05,0.11,0.01,0.02,-0.02,0.00
5.402,0.10,-0.04,1.01,-0.08,-0.05,0.02,0.01,0.02,-0.02,0.00
5.444,0.11,-0.05,1.00,-0.08,-0.05,0.02,0.01,0.02,-0.02,0.00
5.454,0.11,-0.05,1.00,-0.08,-0.05,0.02,-0.05,-0.02,0.08,0.00
5.454,0.11,-0.05,1.00,0.05,-0.07,0.04,-0.05,-0.02,0.08,0.00
5.513,0.07,-0.04,1.01,0.05,-0.07,0.04,-0.05,-0.02,0.08,0.00
5.521,0.07,-0.04,1.01,0.05,-0.07,0.04,-0.02,0.15,-0.06,0.00
5.521,0.07,-0.04,1.01,-0.22,0.05,0.53,-0.02,0.15,-0.06,0.00
5.602,0.15,-0.05,1.00,-0.22,0.05,0.53,-0.02,0.15,-0.06,0.00
5.606,0.15,-0.05,1.00,-0.22,0.05,0.53,-0.01,-0.08,0.04,0.00
5.607,0.15,-0.05,1.00,0.17,-0.06,-0.36,-0.01,-0.08,0.04,0.00
5.641,0.07,-0.05,1.01,0.17,-0.06,-0.36,-0.01,-0.08,0.04,0.00
5.652,0.07,-0.05,1.01,0.17,-0.06,-0.36,-0.05,0.09,-0.00,0.00
5.653,0.07,-0.05,1.01,-0.29,-0.07,0.14,-0.05,0.09,-0.00,0.00
5.72,0.07,-0.05,1.01,-0.29,-0.07,0.14,-0.03,0.14,-0.04,0.00
5.722,0.07,-0.05,1.01,-0.08,-0.03,0.34,-0.03,0.14,-0.04,0.00
5.722,0.11,-0.05,1.02,-0.08,-0.03,0.34,-0.03,0.14,-0.04,0.00
5.792,0.06,-0.05,0.99,-0.08,-0.03,0.34,-0.03,0.14,-0.04,0.00
5.802,0.06,-0.05,0.99,-0.08,-0.03,0.34,-0.01,0.13,-0.03,0.00
5.803,0.06,-0.05,0.99,0.01,0.00,-0.18,-0.01,0.13,-0.03,0.00
5.839,0.10,-0.04,1.04,0.01,0.00,-0.18,-0.01,0.13,-0.03,0.00
5.85,0.10,-0.04,1.04,0.01,0.00,-0.18,0.04,-0.01,-0.02,0.00
5.85,0.10,-0.04,1.04,0.19,0.09,0.46,0.04,-0.01,-0.02,0.00
5.905,0.06,-0.03,0.99,0.19,0.09,0.46,0.04,-0.01,-0.02,0.00
5.916,0.06,-0.03,0.99,0.19,0.09,0.46,0.05,0.12,-0.09,0.00
5.916,0.06,-0.03,0.99,-0.20,0.10,-0.10,0.05,0.12,-0.09,0.00
5.994,0.04,-0.03,1.04,-0.20,0.10,-0.10,0.05,0.12,-0.09,0.00
5.995,0.04,-0.03,1.04,-0.20,0.10,-0.10,0.08,0.20,-0.16,0.00
5.996,0.04,-0.03,1.04,-0.01,0.07,-1.11,0.08,0.20,-0.16,0.00
6.037,0.08,-0.04,1.20,-0.01,0.07,-1.11,0.08,0.20,-0.16,0.00
6.048,0.08,-0.04,1.20,-0.01,0.07,-1.11,0.11,-0.05,-0.05,0.00
6.048,0.08,-0.04,1.20,0.14,-0.06,2.00,0.11,-0.05,-0.05,0.00
7.237,0.03,-0.05,0.79,-0.03,-0.08,2.15,-0.02,0.16,-0.04,0.00
7.238,0.03,-0.05,0.79,-0.03,-0.08,2.15,-0.06,0.13,0.01,0.00
7.238,0.03,-0.05,0.79,0.01,-0.16,-2.08,-0.06,0.13,0.01,0.00
7.307,0.03,-0.05,0.79,0.01,-0.16,-2.08,-0.03,0.03,-0.04,0.00
7.308,0.03,-0.05,0.79,-0.10,-0.09,1.70,-0.03,0.03,-0.04,0.00
7.309,0.02,-0.03,1.08,-0.10,-0.09,1.70,-0.03,0.03,-0.04,0.00
7.362,0.08,-0.02,1.00,-0.10,-0.09,1.70,-0.03,0.03,-0.04,0.00
7.39,0.08,-0.02,1.00,-0.10,-0.09,1.70,0.04,-0.18,0.01,0.00
7.392,0.08,-0.02,1.00,0.34,0.13,0.05,0.04,-0.18,0.01,0.00
7.439,0.04,-0.04,1.00,0.34,0.13,0.05,0.04,-0.18,0.01,0.00
7.44,0.04,-0.04,1.00,0.34,0.13,0.05,0.01,-0.12,0.04,0.00
7.44,0.04,-0.04,1.00,-0.13,-0.05,0.01,0.01,-0.12,0.04,0.00
7.505,0.05,-0.05,1.02,-0.13,-0.05,0.01,0.01,-0.12,0.04,0.00
7.506,0.05,-0.05,1.02,-0.13,-0.05,0.01,-0.05,-0.03,0.04,0.00
7.507,0.05,-0.05,1.02,-0.04,-0.07,0.18,-0.05,-0.03,0.04,0.00
7.555,0.05,-0.05,1.06,-0.04,-0.07,0.18,-0.05,-0.03,0.04,0.00
7.567,0.05,-0.05,1.06,-0.04,-0.07,0.18,-0.07,0.02,0.06,0.00
7.568,0.05,-0.05,1.06,-0.18,-0.05,-0.18,-0.07,0.02,0.06,0.00
7.622,0.07,-0.05,1.01,-0.18,-0.05,-0.18,-0.07,0.02,0.06,0.00
7.632,0.07,-0.05,1.01,-0.18,-0.05,-0.18,-0.05,0.06,0.03,0.00
7.632,0.07,-0.05,1.01,0.16,-0.09,0.13,-0.05,0.06,0.03,0.00
7.699,0.06,-0.05,1.02,0.16,-0.09,0.13,-0.05,0.06,0.03,0.00
7.7,0.06,-0.05,1.02,0.16,-0.09,0.13,-0.02,-0.08,0.06,0.00
7.701,0.06,-0.05,1.02,0.05,-0.01,0.23,-0.02,-0.08,0.06,0.00
7.769,0.04,-0.05,1.00,0.05,-0.01,0.23,-0.02,-0.08,0.06,0.00
7.771,0.04,-0.05,1.00,0.05,-0.01,0.23,-0.01,0.07,0.00,0.00
7.772,0.04,-0.05,1.00,0.25,-0.02,0.01,-0.01,0.07,0.00,0.00
7.835,0.06,-0.05,0.98,0.25,-0.02,0.01,-0.01,0.07,0.00,0.00
7.837,0.06,-0.05,0.98,0.25,-0.02,0.01,-0.00,-0.16,0.09,0.00
7.837,0.06,-0.05,0.98,-0.01,0.00,-0.13,-0.00,-0.16,0.09,0.00
7.894,0.07,-0.06,1.04,-0.01,0.00,-0.13,-0.00,-0.16,0.09,0.00
7.896,0.07,-0.06,1.04,-0.01,0.00,-0.13,-0.03,-0.01,0.07,0.00
7.896,0.07,-0.06,1.04,0.05,-0.09,0.38,-0.03,-0.01,0.07,0.00
7.951,0.08,-0.05,1.00,0.05,-0.09,0.38,-0.03,-0.01,0.07,0.00
7.964,0.08,-0.05,1.00,0.05,-0.09,0.38,-0.01,-0.04,0.07,0.00
7.964,0.08,-0.05,1.00,0.09,-0.01,0.07,-0.01,-0.04,0.07,0.00
8.017,0.06,-0.05,1.01,0.09,-0.01,0.07,-0.01,-0.04,0.07,0.00
8.028,0.06,-0.05,1.01,0.09,-0.01,0.07,0.03,-0.01,-0.02,0.00
8.028,0.06,-0.05,1.01,-0.01,0.03,0.07,0.03,-0.01,-0.02,0.00
8.083,0.06,-0.05,1.01,-0.01,0.03,0.07,0.03,-0.01,-0.02,0.00
8.093,0.06,-0.05,1.01,-0.01,0.03,0.07,0.04,-0.01,-0.06,0.00
8.094,0.06,-0.05,1.01,-0.03,0.02,0.08,0.04,-0.01,-0.06,0.00
8.149,0.06,-0.05,1.00,-0.03,0.02,0.08,0.04,-0.01,-0.06,0.00
8.161,0.06,-0.05,1.00,-0.03,0.02,0.08,0.01,0.07,0.00,0.00
8.162,0.06,-0.05,1.00,-0.06,0.02,0.01,0.01,0.07,0.00,0.00
8.22,0.08,-0.05,1.00,-0.06,0.02,0.01,0.01,0.07,0.00,0.00
8.226,0.08,-0.05,1.00,-0.06,0.02,0.01,0.02,-0.03,-0.00,0.00
8.226,0.08,-0.05,1.00,0.11,0.01,0.00,0.02,-0.03,-0.00,0.00
8.281,0.05,-0.05,1.04,0.11,0.01,0.00,0.02,-0.03,-0.00,0.00
8.292,0.05,-0.05,1.04,0.11,0.01,0.00,-0.00,-0.00,-0.01,0.00
8.293,0.05,-0.05,1.04,-0.21,-0.00,0.45,-0.00,-0.00,-0.01,0.00
8.347,0.07,-0.05,0.98,-0.21,-0.00,0.45,-0.00,-0.00,-0.01,0.00
8.359,0.07,-0.05,0.98,-0.21,-0.00,0.45,0.01,-0.00,-0.05,0.00
8.36,0.07,-0.05,0.98,0.07,-0.00,-0.13,0.01,-0.00,-0.05,0.00
8.417,0.08,-0.05,1.00,0.07,-0.00,-0.13,0.01,-0.00,-0.05,0.00
8.424,0.08,-0.05,1.00,0.07,-0.00,-0.13,-0.04,-0.08,0.05,0.00
8.425,0.08,-0.05,1.00,-0.19,-0.03,0.04,-0.04,-0.08,0.05,0.00
8.479,0.07,-0.05,1.00,-0.19,-0.03,0.04,-0.04,-0.08,0.05,0.00
8.49,0.07,-0.05,1.00,-0.19,-0.03,0.04,0.00,0.06,-0.03,0.00
8.49,0.07,-0.05,1.00,-0.13,0.12,0.10,0.00,0.06,-0.03,0.00
8.545,0.05,-0.03,1.01,-0.13,0.12,0.10,0.00,0.06,-0.03,0.00
8.564,0.05,-0.03,1.01,-0.13,0.12,0.10,0.07,0.03,-0.08,0.00
8.566,0.05,-0.03,1.01,-0.12,0.09,0.10,0.07,0.03,-0.08,0.00
8.611,0.04,-0.03,1.02,-0.12,0.09,0.10,0.07,0.03,-0.08,0.00
8.622,0.04,-0.03,1.02,-0.12,0.09,0.10,0.04,0.10,-0.12,0.00
8.622,0.04,-0.03,1.02,-0.17,0.05,0.21,0.04,0.10,-0.12,0.00
8.677,0.06,-0.05,1.01,-0.17,0.05,0.21,0.04,0.10,-0.12,0.00
8.688,0.06,-0.05,1.01,-0.17,0.05,0.21,-0.00,0.01,-0.03,0.00
8.688,0.06,-0.05,1.01,-0.06,0.02,0.34,-0.00,0.01,-0.03,0.00
8.744,0.06,-0.04,1.00,-0.06,0.02,0.34,-0.00,0.01,-0.03,0.00
8.755,0.06,-0.04,1.00,-0.06,0.02,0.34,0.00,0.01,-0.05,0.00
8.756,0.06,-0.04,1.00,-0.02,0.00,0.05,0.00,0.01,-0.05,0.00
8.809,0.08,-0.04,1.01,-0.02,0.00,0.05,0.00,0.01,-0.05,0.00
8.82,0.08,-0.04,1.01,-0.02,0.00,0.05,0.00,-0.11,0.06,0.00
8.821,0.08,-0.04,1.01,0.17,-0.04,0.10,0.00,-0.11,0.06,0.00
8.875,0.07,-0.05,1.00,0.17,-0.04,0.10,0.00,-0.11,0.06,0.00
8.886,0.07,-0.05,1.00,0.17,-0.04,0.10,-0.06,-0.01,0.12,0.00
8.886,0.07,-0.05,1.00,-0.01,-0.03,0.24,-0.06,-0.01,0.12,0.00
8.941,0.07,-0.03,1.00,-0.01,-0.03,0.24,-0.06,-0.01,0.12,0.00
8.954,0.07,-0.03,1.00,-0.01,-0.03,0.24,0.01,-0.04,0.01,0.00
8.955,0.07,-0.03,1.00,-0.04,0.09,-0.01,0.01,-0.04,0.01,0.00
9.008,0.06,-0.03,1.03,-0.04,0.09,-0.01,0.01,-0.04,0.01,0.00
9.018,0.06,-0.03,1.03,-0.04,0.09,-0.01,0.06,0.05,-0.12,0.00
9.019,0.06,-0.03,1.03,-0.05,0.08,0.31,0.06,0.05,-0.12,0.00
9.073,0.07,-0.03,1.01,-0.05,0.08,0.31,0.06,0.05,-0.12,0.00
9.084,0.07,-0.03,1.01,-0.05,0.08,0.31,0.04,-0.02,-0.02,0.00
9.084,0.07,-0.03,1.01,0.09,-0.04,0.08,0.04,-0.02,-0.02,0.00
9.139,0.06,-0.04,1.01,0.09,-0.04,0.08,0.04,-0.02,-0.02,0.00
9.152,0.06,-0.04,1.01,0.09,-0.04,0.08,0.00,0.00,-0.03,0.00
9.153,0.06,-0.04,1.01,0.08,-0.01,0.30,0.00,0.00,-0.03,0.00
9.215,0.12,-0.00,1.06,0.08,-0.01,0.30,0.00,0.00,-0.03,0.00
9.217,0.12,-0.00,1.06,0.08,-0.01,0.30,0.12,-0.22,-0.03,0.00
9.218,0.12,-0.00,1.06,0.44,0.24,0.65,0.12,-0.22,-0.03,0.00
9.271,0.09,-0.01,1.04,0.44,0.24,0.65,0.12,-0.22,-0.03,0.00
9.282,0.09,-0.01,1.04,0.44,0.24,0.65,0.16,-0.17,-0.12,0.00
9.282,0.09,-0.01,1.04,-0.06,0.09,0.42,0.16,-0.17,-0.12,0.00
9.337,0.11,-0.02,1.01,-0.06,0.09,0.42,0.16,-0.17,-0.12,0.00
9.349,0.11,-0.02,1.01,-0.06,0.09,0.42,0.03,-0.05,-0.02,0.00
9.35,0.11,-0.02,1.01,0.15,-0.03,0.14,0.03,-0.05,-0.02,0.00
9.413,0.11,-0.02,0.97,0.15,-0.03,0.14,0.03,-0.05,-0.02,0.00
9.418,0.11,-0.02,0.97,0.15,-0.03,0.14,-0.01,-0.09,0.06,0.00
9.419,0.11,-0.02,0.97,0.10,-0.02,-0.23,-0.01,-0.09,0.06,0.00
9.469,0.05,0.02,0.94,0.10,-0.02,-0.23,-0.01,-0.09,0.06,0.00
9.48,0.05,0.02,0.94,0.10,-0.02,-0.23,0.05,0.21,-0.17,0.00
9.48,0.05,0.02,0.94,-0.43,0.31,-0.51,0.05,0.21,-0.17,0.00
9.535,0.19,0.04,0.98,-0.43,0.31,-0.51,0.05,0.21,-0.17,0.00
9.547,0.19,0.04,0.98,-0.43,0.31,-0.51,0.29,-0.44,-0.11,0.00
9.548,0.19,0.04,0.98,0.73,0.36,-0.12,0.29,-0.44,-0.11,0.00
9.61,0.12,0.05,0.95,0.73,0.36,-0.12,0.29,-0.44,-0.11,0.00
9.612,0.12,0.05,0.95,0.73,0.36,-0.12,0.28,-0.35,-0.12,0.00
9.613,0.12,0.05,0.95,-0.18,0.22,-0.43,0.28,-0.35,-0.12,0.00
9.667,0.10,0.02,1.02,-0.18,0.22,-0.43,0.28,-0.35,-0.12,0.00
9.678,0.10,0.02,1.02,-0.18,0.22,-0.43,-0.01,0.26,-0.13,0.00
9.678,0.10,0.02,1.02,-0.30,-0.09,0.24,-0.01,0.26,-0.13,0.00
9.733,0.14,0.04,0.99,-0.30,-0.09,0.24,-0.01,0.26,-0.13,0.00
9.745,0.14,0.04,0.99,-0.30,-0.09,0.24,0.05,-0.03,0.03,0.00
9.746,0.14,0.04,0.99,0.16,0.13,-0.03,0.05,-0.03,0.03,0.00
9.809,0.13,0.06,0.99,0.16,0.13,-0.03,0.05,-0.03,0.03,0.00
9.811,0.13,0.06,0.99,0.16,0.13,-0.03,0.16,-0.00,-0.08,0.00
9.812,0.13,0.06,0.99,0.08,0.24,-0.03,0.16,-0.00,-0.08,0.00
9.865,0.15,0.05,0.99,0.08,0.24,-0.03,0.16,-0.00,-0.08,0.00
9.876,0.15,0.05,0.99,0.08,0.24,-0.03,0.15,-0.08,0.02,0.00
9.876,0.15,0.05,0.99,0.14,-0.03,0.01,0.15,-0.08,0.02,0.00
9.931,0.15,-0.02,0.99,0.14,-0.03,0.01,0.15,-0.08,0.02,0.00
9.944,0.15,-0.02,0.99,0.14,-0.03,0.01,-0.13,-0.19,0.63,0.00
9.944,0.15,-0.02,0.99,0.03,-0.55,0.05,-0.13,-0.19,0.63,0.00
10.007,0.08,-0.06,0.99,0.03,-0.55,0.05,-0.13,-0.19,0.63,0.00
10.009,0.08,-0.06,0.99,0.03,-0.55,0.05,-0.46,0.29,0.93,0.00
10.01,0.08,-0.06,0.99,-0.50,-0.59,-0.02,-0.46,0.29,0.93,0.00
10.063,0.20,-0.01,1.04,-0.50,-0.59,-0.02,-0.46,0.29,0.93,0.00
10.074,0.20,-0.01,1.04,-0.50,-0.59,-0.02,-0.12,-0.18,0.75,0.00
10.074,0.20,-0.01,1.04,1.10,-0.04,0.43,-0.12,-0.18,0.75,0.00
10.129,0.12,0.00,1.01,1.10,-0.04,0.43,-0.12,-0.18,0.75,0.00
10.141,0.12,0.00,1.01,1.10,-0.04,0.43,0.09,-0.18,0.48,0.00
10.142,0.12,0.00,1.01,-0.30,0.17,0.21,0.09,-0.18,0.48,0.00
10.203,0.19,-0.05,1.05,-0.30,0.17,0.21,0.09,-0.18,0.48,0.00
10.206,0.19,-0.05,1.05,-0.30,0.17,0.21,-0.00,-0.16,0.60,0.00
10.206,0.19,-0.05,1.05,0.32,-0.29,0.61,-0.00,-0.16,0.60,0.00
10.261,0.12,-0.04,1.04,0.32,-0.29,0.61,-0.00,-0.16,0.60,0.00
10.272,0.12,-0.04,1.04,0.32,-0.29,0.61,-0.04,0.16,0.57,0.00
10.272,0.12,-0.04,1.04,-0.31,-0.10,0.47,-0.04,0.16,0.57,0.00
10.327,0.07,-0.01,0.92,-0.31,-0.10,0.47,-0.04,0.16,0.57,0.00
10.339,0.07,-0.01,0.92,-0.31,-0.10,0.47,0.04,0.33,0.30,0.00
10.34,0.07,-0.01,0.92,-0.54,0.13,-0.75,0.04,0.33,0.30,0.00
10.434,0.03,-0.04,0.91,-0.54,0.13,-0.75,0.04,0.33,0.30,0.00
10.436,0.03,-0.04,0.91,-0.54,0.13,-0.75,0.01,0.46,0.34,0.00
10.436,0.03,-0.04,0.91,-0.63,-0.09,-0.88,0.01,0.46,0.34,0.00
10.461,0.08,-0.04,0.97,-0.63,-0.09,-0.88,0.01,0.46,0.34,0.00
10.47,0.08,-0.04,0.97,-0.63,-0.09,-0.88,-0.07,0.11,0.66,0.00
10.471,0.08,-0.04,0.97,-0.07,-0.04,-0.28,-0.07,0.11,0.66,0.00
10.543,0.11,0.01,1.10,-0.07,-0.04,-0.28,-0.07,0.11,0.66,0.00
10.546,0.11,0.01,1.10,-0.07,-0.04,-0.28,0.25,0.07,1.39,0.00
10.546,0.11,0.01,1.10,0.30,0.43,0.97,0.25,0.07,1.39,0.00
10.595,0.10,0.05,1.11,0.30,0.43,0.97,0.25,0.07,1.39,0.00
10.606,0.10,0.05,1.11,0.30,0.43,0.97,0.58,-0.15,2.00,0.00
10.607,0.10,0.05,1.11,0.17,0.55,1.14,0.58,-0.15,2.00,0.00
10.658,0.08,0.06,1.05,0.17,0.55,1.14,0.58,-0.15,2.00,0.00
10.676,0.08,0.06,1.05,0.17,0.55,1.14,0.62,0.09,2.59,0.00
10.677,0.08,0.06,1.05,-0.07,0.34,0.56,0.62,0.09,2.59,0.00
10.729,0.03,0.03,1.10,-0.07,0.34,0.56,0.62,0.09,2.59,0.00
10.752,0.03,0.03,1.10,-0.07,0.34,0.56,0.31,0.30,2.74,0.00
10.753,0.03,0.03,1.10,-0.38,0.06,0.40,0.31,0.30,2.74,0.00
10.807,0.11,0.04,0.88,-0.38,0.06,0.40,0.31,0.30,2.74,0.00
10.808,0.11,0.04,0.88,-0.38,0.06,0.40,0.19,0.01,2.04,0.00
10.808,0.11,0.04,0.88,0.35,-0.02,-1.17,0.19,0.01,2.04,0.00
10.862,0.11,0.01,0.99,0.35,-0.02,-1.17,0.19,0.01,2.04,0.00
10.874,0.11,0.01,0.99,0.35,-0.02,-1.17,0.02,-0.27,1.62,0.00
10.875,0.11,0.01,0.99,0.15,-0.16,-0.02,0.02,-0.27,1.62,0.00
10.923,0.14,0.06,1.12,0.15,-0.16,-0.02,0.02,-0.27,1.62,0.00
10.934,0.14,0.06,1.12,0.15,-0.16,-0.02,0.16,-0.12,1.49,0.00
10.937,0.14,0.06,1.12,0.27,0.30,0.71,0.16,-0.12,1.49,0.00
10.987,0.06,0.07,1.00,0.27,0.30,0.71,0.16,-0.12,1.49,0.00
10.998,0.06,0.07,1.00,0.27,0.30,0.71,0.40,0.13,1.15,0.00
10.998,0.06,0.07,1.00,-0.52,0.25,0.03,0.40,0.13,1.15,0.00
11.053,0.12,0.04,0.99,-0.52,0.25,0.03,0.40,0.13,1.15,0.00
11.064,0.12,0.04,0.99,-0.52,0.25,0.03,0.15,0.19,1.22,0.00
11.064,0.12,0.04,0.99,0.22,-0.16,-0.05,0.15,0.19,1.22,0.00
11.14,0.12,0.02,0.94,0.22,-0.16,-0.05,0.15,0.19,1.22,0.00
11.144,0.12,0.02,0.94,0.22,-0.16,-0.05,-0.07,-0.12,1.15,0.00
11.145,0.12,0.02,0.94,0.19,-0.26,-0.53,-0.07,-0.12,1.15,0.00
11.186,0.20,0.02,1.02,0.19,-0.26,-0.53,-0.07,-0.12,1.15,0.00
11.196,0.20,0.02,1.02,0.19,-0.26,-0.53,-0.02,-0.45,0.90,0.00
11.197,0.20,0.02,1.02,0.69,0.04,-0.07,-0.02,-0.45,0.90,0.00
11.274,0.18,0.02,0.94,0.69,0.04,-0.07,-0.02,-0.45,0.90,0.00
11.275,0.18,0.02,0.94,0.69,0.04,-0.07,0.13,-0.55,0.78,0.00
11.276,0.18,0.02,0.94,0.41,0.01,-0.52,0.13,-0.55,0.78,0.00
11.322,0.13,0.03,0.95,0.41,0.01,-0.52,0.13,-0.55,0.78,0.00
11.33,0.13,0.03,0.95,0.41,0.01,-0.52,0.11,0.09,0.87,0.00
11.332,0.13,0.03,0.95,-0.39,0.01,-0.40,0.11,0.09,0.87,0.00
11.383,0.16,0.06,0.93,-0.39,0.01,-0.40,0.11,0.09,0.87,0.00
11.394,0.16,0.06,0.93,-0.39,0.01,-0.40,0.30,0.06,0.71,0.00
11.394,0.16,0.06,0.93,0.07,0.33,-0.54,0.30,0.06,0.71,0.00
11.449,0.22,0.13,1.01,0.07,0.33,-0.54,0.30,0.06,0.71,0.00
11.46,0.22,0.13,1.01,0.07,0.33,-0.54,0.54,-0.20,0.29,0.00
11.46,0.22,0.13,1.01,0.53,0.63,0.25,0.54,-0.20,0.29,0.00
11.55,0.16,0.10,0.97,0.53,0.63,0.25,0.54,-0.20,0.29,0.00
11.555,0.16,0.10,0.97,0.53,0.63,0.25,0.43,0.01,0.25,0.00
11.556,0.16,0.10,0.97,-0.16,0.01,-0.10,0.43,0.01,0.25,0.00
11.581,0.11,-0.07,1.24,-0.16,0.01,-0.10,0.43,0.01,0.25,0.00
11.595,0.11,-0.07,1.24,-0.16,0.01,-0.10,-0.60,0.43,0.78,0.00
11.597,0.11,-0.07,1.24,-0.49,-1.30,2.46,-0.60,0.43,0.78,0.00
11.659,-0.06,0.09,0.98,-0.49,-1.30,2.46,-0.60,0.43,0.78,0.00
11.668,-0.06,0.09,0.98,-0.49,-1.30,2.46,-0.01,1.16,0.68,0.00
11.669,-0.06,0.09,0.98,-1.30,0.51,-1.00,-0.01,1.16,0.68,0.00
11.724,0.13,-0.03,1.04,-1.30,0.51,-1.00,-0.01,1.16,0.68,0.00
11.727,0.13,-0.03,1.04,-1.30,0.51,-1.00,-0.08,0.29,0.32,0.00
11.729,0.13,-0.03,1.04,0.81,-0.61,0.38,-0.08,0.29,0.32,0.00
11.779,0.13,-0.00,1.00,0.81,-0.61,0.38,-0.08,0.29,0.32,0.00
11.79,0.13,-0.00,1.00,0.81,-0.61,0.38,-0.32,-0.57,0.13,0.00
11.791,0.13,-0.00,1.00,0.41,-0.09,0.06,-0.32,-0.57,0.13,0.00
11.855,0.01,0.02,0.97,0.41,-0.09,0.06,-0.32,-0.57,0.13,0.00
11.856,0.01,0.02,0.97,0.41,-0.09,0.06,-0.02,0.01,0.54,0.00
11.857,0.01,0.02,0.97,-0.56,0.03,-0.42,-0.02,0.01,0.54,0.00
11.935,0.09,0.03,1.03,-0.56,0.03,-0.42,-0.02,0.01,0.54,0.00
11.936,0.09,0.03,1.03,-0.56,0.03,-0.42,0.19,0.25,0.64,0.00
11.94,0.09,0.03,1.03,0.30,0.12,0.35,0.19,0.25,0.64,0.00
11.977,0.13,0.03,1.01,0.30,0.12,0.35,0.19,0.25,0.64,0.00
11.988,0.13,0.03,1.01,0.30,0.12,0.35,0.16,-0.30,0.48,0.00
11.989,0.13,0.03,1.01,0.49,0.09,0.08,0.16,-0.30,0.48,0.00
12.065,0.13,0.03,1.01,0.49,0.09,0.08,0.13,-0.43,0.52,0.00
12.067,0.13,0.03,1.01,0.30,0.00,-0.46,0.13,-0.43,0.52,0.00
12.069,0.14,0.02,0.99,0.30,0.00,-0.46,0.13,-0.43,0.52,0.00
12.163,0.13,0.01,1.05,0.30,0.00,-0.46,0.13,-0.43,0.52,0.00
12.166,0.13,0.01,1.05,0.30,0.00,-0.46,0.00,-0.15,0.62,0.00
12.166,0.13,0.01,1.05,-0.10,0.00,0.51,0.00,-0.15,0.62,0.00
12.175,0.09,0.01,1.07,-0.10,0.00,0.51,0.00,-0.15,0.62,0.00
12.186,0.09,0.01,1.07,-0.10,0.00,0.51,0.02,0.12,0.59,0.00
12.186,0.09,0.01,1.07,-0.29,-0.14,0.79,0.02,0.12,0.59,0.00
12.242,0.06,0.03,1.04,-0.29,-0.14,0.79,0.02,0.12,0.59,0.00
12.252,0.06,0.03,1.04,-0.29,-0.14,0.79,-0.04,0.32,0.62,0.00
12.252,0.06,0.03,1.04,-0.41,0.24,0.41,-0.04,0.32,0.62,0.00
12.317,0.22,0.06,0.96,-0.41,0.24,0.41,-0.04,0.32,0.62,0.00
12.362,0.22,0.06,0.96,-0.41,0.24,0.41,0.31,-0.54,0.20,0.00
12.364,0.22,0.06,0.96,0.71,-0.20,1.24,0.31,-0.54,0.20,0.00
12.373,0.26,-0.01,1.24,0.71,-0.20,1.24,0.31,-0.54,0.20,0.00
12.384,0.26,-0.01,1.24,0.71,-0.20,1.24,-0.20,-0.51,0.16,0.00
12.384,0.26,-0.01,1.24,0.94,-0.26,2.52,-0.20,-0.51,0.16,0.00
12.439,0.18,0.06,0.85,0.94,-0.26,2.52,-0.20,-0.51,0.16,0.00
12.45,0.18,0.06,0.85,0.94,-0.26,2.52,0.06,-0.39,-0.19,0.00
12.45,0.18,0.06,0.85,-0.07,0.35,-1.31,0.06,-0.39,-0.19,0.00
12.54,0.09,0.02,0.79,-0.07,0.35,-1.31,0.06,-0.39,-0.19,0.00
12.547,0.09,0.02,0.79,-0.07,0.35,-1.31,0.11,0.19,-0.24,0.00
12.55,0.09,0.02,0.79,-0.61,-0.31,-2.04,0.11,0.19,-0.24,0.00
12.571,0.18,0.06,0.93,-0.61,-0.31,-2.04,0.11,0.19,-0.24,0.00
12.582,0.18,0.06,0.93,-0.61,-0.31,-2.04,0.08,0.06,-0.10,0.00
12.582,0.18,0.06,0.93,0.11,0.23,-0.54,0.08,0.06,-0.10,0.00
12.643,0.17,0.04,0.84,0.11,0.23,-0.54,0.08,0.06,-0.10,0.00
12.648,0.17,0.04,0.84,0.11,0.23,-0.54,0.08,-0.18,-0.07,0.00
12.648,0.17,0.04,0.84,-0.13,-0.01,-1.41,0.08,-0.18,-0.07,0.00
12.703,0.17,0.11,0.97,-0.13,-0.01,-1.41,0.08,-0.18,-0.07,0.00
12.716,0.17,0.11,0.97,-0.13,-0.01,-1.41,0.45,0.15,0.25,0.00
12.717,0.17,0.11,0.97,0.42,0.09,-0.44,0.45,0.15,0.25,0.00
12.775,0.22,0.07,1.00,0.42,0.09,-0.44,0.45,0.15,0.25,0.00
12.786,0.22,0.07,1.00,0.42,0.09,-0.44,0.26,-0.18,0.23,0.00
12.787,0.22,0.07,1.00,0.17,0.06,-0.38,0.26,-0.18,0.23,0.00
12.856,0.22,0.07,1.00,0.17,0.06,-0.38,0.04,0.18,0.56,0.00
12.858,0.22,0.07,1.00,-0.47,-0.06,0.95,0.04,0.18,0.56,0.00
12.859,0.06,0.09,1.04,-0.47,-0.06,0.95,0.04,0.18,0.56,0.00
12.901,0.10,-0.01,0.98,-0.47,-0.06,0.95,0.04,0.18,0.56,0.00
12.916,0.10,-0.01,0.98,-0.47,-0.06,0.95,-0.27,0.63,0.34,0.00
12.917,0.10,-0.01,0.98,-0.29,-0.89,0.22,-0.27,0.63,0.34,0.00
12.987,0.06,-0.07,1.21,-0.29,-0.89,0.22,-0.27,0.63,0.34,0.00
12.99,0.06,-0.07,1.21,-0.29,-0.89,0.22,-0.71,0.45,0.19,0.00
12.99,0.06,-0.07,1.21,0.05,-0.80,3.18,-0.71,0.45,0.19,0.00
13.053,0.06,-0.07,1.21,0.05,-0.80,3.18,-0.29,0.08,0.27,0.00
13.055,0.06,-0.07,1.21,0.69,0.29,3.11,-0.29,0.08,0.27,0.00
13.056,0.19,0.06,1.16,0.69,0.29,3.11,-0.29,0.08,0.27,0.00
13.1,0.16,0.06,0.79,0.69,0.29,3.11,-0.29,0.08,0.27,0.00
13.112,0.16,0.06,0.79,0.69,0.29,3.11,0.47,-0.46,0.19,0.00
13.113,0.16,0.06,0.79,0.36,0.38,-1.97,0.47,-0.46,0.19,0.00
13.173,0.15,-0.05,0.93,0.36,0.38,-1.97,0.47,-0.46,0.19,0.00
13.176,0.15,-0.05,0.93,0.36,0.38,-1.97,-0.26,-0.34,0.01,0.00
13.177,0.15,-0.05,0.93,0.21,-0.40,-0.46,-0.26,-0.34,0.01,0.00
13.262,0.24,-0.01,0.83,0.21,-0.40,-0.46,-0.26,-0.34,0.01,0.00
13.265,0.24,-0.01,0.83,0.21,-0.40,-0.46,-0.21,-0.60,-0.22,0.00
13.267,0.24,-0.01,0.83,0.61,-0.05,-1.53,-0.21,-0.60,-0.22,0.00
13.297,0.13,0.03,0.90,0.61,-0.05,-1.53,-0.21,-0.60,-0.22,0.00
13.309,0.13,0.03,0.90,0.61,-0.05,-1.53,0.31,0.20,0.25,0.00
13.31,0.13,0.03,0.90,-0.57,0.23,-0.77,0.31,0.20,0.25,0.00
13.364,0.21,0.06,1.23,-0.57,0.23,-0.77,0.31,0.20,0.25,0.00
13.374,0.21,0.06,1.23,-0.57,0.23,-0.77,0.28,0.18,0.30,0.00
13.374,0.21,0.06,1.23,0.40,0.33,2.44,0.28,0.18,0.30,0.00
13.48,0.20,0.09,1.14,0.40,0.33,2.44,0.28,0.18,0.30,0.00
13.484,0.20,0.09,1.14,0.40,0.33,2.44,0.35,-0.04,0.06,0.00
13.485,0.20,0.09,1.14,0.28,0.45,1.52,0.35,-0.04,0.06,0.00
13.496,0.14,0.00,1.15,0.28,0.45,1.52,0.35,-0.04,0.06,0.00
13.511,0.14,0.00,1.15,0.28,0.45,1.52,-0.06,0.16,0.04,0.00
13.514,0.14,0.00,1.15,-0.26,-0.42,1.64,-0.06,0.16,0.04,0.00
13.586,0.05,0.05,0.98,-0.26,-0.42,1.64,-0.06,0.16,0.04,0.00
13.588,0.05,0.05,0.98,-0.26,-0.42,1.64,-0.22,0.52,0.03,0.00
13.589,0.05,0.05,0.98,-0.89,-0.18,0.12,-0.22,0.52,0.03,0.00
13.644,0.09,0.06,1.02,-0.89,-0.18,0.12,-0.22,0.52,0.03,0.00
13.645,0.09,0.06,1.02,-0.89,-0.18,0.12,0.04,0.26,-0.13,0.00
13.646,0.09,0.06,1.02,-0.24,0.26,0.23,0.04,0.26,-0.13,0.00
13.693,0.32,0.09,0.92,-0.24,0.26,0.23,0.04,0.26,-0.13,0.00
13.706,0.32,0.09,0.92,-0.24,0.26,0.23,0.20,-1.02,-0.69,0.00
13.706,0.32,0.09,0.92,1.71,0.10,-1.10,0.20,-1.02,-0.69,0.00
13.767,0.24,0.03,0.94,1.71,0.10,-1.10,0.20,-1.02,-0.69,0.00
13.771,0.24,0.03,0.94,1.71,0.10,-1.10,-0.23,-1.04,-0.65,0.00
13.771,0.24,0.03,0.94,0.02,-0.27,-0.32,-0.23,-1.04,-0.65,0.00
13.853,0.10,0.10,0.83,0.02,-0.27,-0.32,-0.23,-1.04,-0.65,0.00
13.856,0.10,0.10,0.83,0.02,-0.27,-0.32,0.21,0.43,0.15,0.00
13.858,0.10,0.10,0.83,-1.18,0.37,-1.38,0.21,0.43,0.15,0.00
13.892,0.26,0.11,0.92,-1.18,0.37,-1.38,0.21,0.43,0.15,0.00
13.907,0.26,0.11,0.92,-1.18,0.37,-1.38,0.37,-0.06,-0.02,0.00
13.909,0.26,0.11,0.92,1.08,0.30,-0.46,0.37,-0.06,-0.02,0.00
13.975,0.32,0.11,1.01,1.08,0.30,-0.46,0.37,-0.06,-0.02,0.00
13.976,0.32,0.11,1.01,1.08,0.30,-0.46,0.09,-0.95,-0.21,0.00
13.976,0.32,0.11,1.01,0.39,0.08,0.56,0.09,-0.95,-0.21,0.00
14.024,0.23,0.01,1.18,0.39,0.08,0.56,0.09,-0.95,-0.21,0.00
14.034,0.23,0.01,1.18,0.39,0.08,0.56,-0.08,0.62,0.75,0.00
14.034,0.23,0.01,1.18,-0.18,-0.82,2.08,-0.08,0.62,0.75,0.00
14.089,0.18,-0.03,1.18,-0.18,-0.82,2.08,-0.08,0.62,0.75,0.00
14.101,0.18,-0.03,1.18,-0.18,-0.82,2.08,-0.61,0.66,0.60,0.00
14.102,0.18,-0.03,1.18,-0.36,-0.76,2.05,-0.61,0.66,0.60,0.00
14.168,0.15,-0.00,0.88,-0.36,-0.76,2.05,-0.61,0.66,0.60,0.00
14.174,0.15,-0.00,0.88,-0.36,-0.76,2.05,-0.26,0.38,0.31,0.00
14.175,0.15,-0.00,0.88,-0.32,-0.23,-1.02,-0.26,0.38,0.31,0.00
14.222,0.22,-0.03,0.94,-0.32,-0.23,-1.02,-0.26,0.38,0.31,0.00
14.232,0.22,-0.03,0.94,-0.32,-0.23,-1.02,-0.36,-0.21,0.05,0.00
14.233,0.22,-0.03,0.94,0.24,-0.26,-0.41,-0.36,-0.21,0.05,0.00
14.293,0.11,-0.01,0.83,0.24,-0.26,-0.41,-0.36,-0.21,0.05,0.00
14.299,0.11,-0.01,0.83,0.24,-0.26,-0.41,-0.11,0.13,0.31,0.00
14.3,0.11,-0.01,0.83,-0.76,0.09,-1.48,-0.11,0.13,0.31,0.00
14.395,0.24,0.02,0.82,-0.76,0.09,-1.48,-0.11,0.13,0.31,0.00
14.397,0.24,0.02,0.82,-0.76,0.09,-1.48,0.16,-0.35,0.08,0.00
14.398,0.24,0.02,0.82,0.06,0.29,-1.63,0.16,-0.35,0.08,0.00
14.421,0.14,-0.05,0.99,0.06,0.29,-1.63,0.16,-0.35,0.08,0.00
14.43,0.14,-0.05,0.99,0.06,0.29,-1.63,0.01,0.12,0.48,0.00
14.431,0.14,-0.05,0.99,-0.59,-0.36,0.06,0.01,0.12,0.48,0.00
14.486,0.25,-0.03,1.14,-0.59,-0.36,0.06,0.01,0.12,0.48,0.00
14.497,0.25,-0.03,1.14,-0.59,-0.36,0.06,-0.02,0.03,0.66,0.00
14.501,0.25,-0.03,1.14,0.61,-0.05,1.59,-0.02,0.03,0.66,0.00
14.563,0.27,-0.00,1.19,0.61,-0.05,1.59,-0.02,0.03,0.66,0.00
14.565,0.27,-0.00,1.19,0.61,-0.05,1.59,0.31,-0.29,0.42,0.00
14.566,0.27,-0.00,1.19,0.64,0.07,2.03,0.31,-0.29,0.42,0.00
14.617,0.11,-0.07,1.11,0.64,0.07,2.03,0.31,-0.29,0.42,0.00
14.628,0.11,-0.07,1.11,0.64,0.07,2.03,-0.15,0.25,0.47,0.00
14.628,0.11,-0.07,1.11,-0.83,-0.49,1.30,-0.15,0.25,0.47,0.00
14.701,-0.01,0.03,0.80,-0.83,-0.49,1.30,-0.15,0.25,0.47,0.00
14.711,-0.01,0.03,0.80,-0.83,-0.49,1.30,0.09,1.04,0.61,0.00
14.718,-0.01,0.03,0.80,-0.98,0.60,-2.24,0.09,1.04,0.61,0.00
14.761,0.23,-0.02,0.94,-0.98,0.60,-2.24,0.09,1.04,0.61,0.00
14.764,0.23,-0.02,0.94,-0.98,0.60,-2.24,0.17,-0.03,-0.09,0.00
14.764,0.23,-0.02,0.94,1.17,-0.15,-0.49,0.17,-0.03,-0.09,0.00
14.815,0.42,0.00,1.03,1.17,-0.15,-0.49,0.17,-0.03,-0.09,0.00
14.826,0.42,0.00,1.03,1.17,-0.15,-0.49,-0.12,-1.68,-0.74,0.00
14.826,0.42,0.00,1.03,1.59,0.43,0.30,-0.12,-1.68,-0.74,0.00
14.893,0.22,0.04,0.92,1.59,0.43,0.30,-0.12,-1.68,-0.74,0.00
14.906,0.22,0.04,0.92,1.59,0.43,0.30,0.25,-0.95,-0.17,0.00
14.906,0.22,0.04,0.92,-0.87,0.18,-0.65,0.25,-0.95,-0.17,0.00
14.947,0.20,0.02,0.85,-0.87,0.18,-0.65,0.25,-0.95,-0.17,0.00
14.958,0.20,0.02,0.85,-0.87,0.18,-0.65,0.17,0.21,0.18,0.00
14.958,0.20,0.02,0.85,-0.67,-0.04,-1.14,0.17,0.21,0.18,0.00
15.014,0.32,-0.01,0.91,-0.67,-0.04,-1.14,0.17,0.21,0.18,0.00
15.024,0.32,-0.01,0.91,-0.67,-0.04,-1.14,-0.21,-0.31,-0.21,0.00
15.024,0.32,-0.01,0.91,0.44,-0.30,-0.08,-0.21,-0.31,-0.21,0.00
15.087,0.19,0.02,1.05,0.44,-0.30,-0.08,-0.21,-0.31,-0.21,0.00
15.094,0.19,0.02,1.05,0.44,-0.30,-0.08,-0.11,0.11,0.05,0.00
15.094,0.19,0.02,1.05,-0.88,0.16,0.83,-0.11,0.11,0.05,0.00
15.145,0.13,-0.04,1.24,-0.88,0.16,0.83,-0.11,0.11,0.05,0.00
15.156,0.13,-0.04,1.24,-0.88,0.16,0.83,-0.09,1.07,0.47,0.00
15.157,0.13,-0.04,1.24,-0.78,-0.34,2.55,-0.09,1.07,0.47,0.00
15.214,0.17,-0.01,1.14,-0.78,-0.34,2.55,-0.09,1.07,0.47,0.00
15.229,0.17,-0.01,1.14,-0.78,-0.34,2.55,-0.07,0.55,0.16,0.00
15.231,0.17,-0.01,1.14,0.02,0.10,1.55,-0.07,0.55,0.16,0.00
15.285,0.20,0.00,0.92,0.02,0.10,1.55,-0.07,0.55,0.16,0.00
15.29,0.20,0.00,0.92,0.02,0.10,1.55,0.11,0.17,0.12,0.00
15.291,0.20,0.00,0.92,0.44,0.10,-0.64,0.11,0.17,0.12,0.00
15.343,0.15,0.00,0.85,0.44,0.10,-0.64,0.11,0.17,0.12,0.00
15.354,0.15,0.00,0.85,0.44,0.10,-0.64,0.10,-0.21,-0.12,0.00
15.355,0.15,0.00,0.85,-0.30,0.03,-1.30,0.10,-0.21,-0.12,0.00
15.428,0.06,-0.03,0.91,-0.30,0.03,-1.30,0.10,-0.21,-0.12,0.00
15.431,0.06,-0.03,0.91,-0.30,0.03,-1.30,-0.07,0.49,0.25,0.00
15.432,0.06,-0.03,0.91,-0.31,-0.12,-0.54,-0.07,0.49,0.25,0.00
15.505,0.21,-0.04,0.91,-0.31,-0.12,-0.54,-0.07,0.49,0.25,0.00
15.507,0.21,-0.04,0.91,-0.31,-0.12,-0.54,-0.16,-0.28,-0.08,0.00
15.508,0.21,-0.04,0.91,0.24,0.03,-0.64,-0.16,-0.28,-0.08,0.00
15.542,0.19,-0.04,1.01,0.24,0.03,-0.64,-0.16,-0.28,-0.08,0.00
15.552,0.19,-0.04,1.01,0.24,0.03,-0.64,-0.08,-0.22,0.09,0.00
15.553,0.19,-0.04,1.01,0.19,-0.15,0.25,-0.08,-0.22,0.09,0.00
15.608,0.20,-0.05,1.17,0.19,-0.15,0.25,-0.08,-0.22,0.09,0.00
15.618,0.20,-0.05,1.17,0.19,-0.15,0.25,-0.08,-0.07,0.40,0.00
15.618,0.20,-0.05,1.17,0.14,-0.18,1.81,-0.08,-0.07,0.40,0.00
15.681,0.16,-0.04,1.08,0.14,-0.18,1.81,-0.08,-0.07,0.40,0.00
15.686,0.16,-0.04,1.08,0.14,-0.18,1.81,0.09,0.16,0.39,0.00
15.687,0.16,-0.04,1.08,-0.04,-0.08,0.88,0.09,0.16,0.39,0.00
15.739,0.08,-0.01,0.95,-0.04,-0.08,0.88,0.09,0.16,0.39,0.00
15.75,0.08,-0.01,0.95,-0.04,-0.08,0.88,-0.01,0.43,0.22,0.00
15.751,0.08,-0.01,0.95,-1.05,0.24,-0.34,-0.01,0.43,0.22,0.00
15.825,0.02,0.05,0.83,-1.05,0.24,-0.34,-0.01,0.43,0.22,0.00
15.828,0.02,0.05,0.83,-1.05,0.24,-0.34,0.46,0.72,0.12,0.00
15.828,0.02,0.05,0.83,-0.71,0.55,-1.59,0.46,0.72,0.12,0.00
15.895,0.16,0.00,0.97,-0.71,0.55,-1.59,0.46,0.72,0.12,0.00
15.899,0.16,0.00,0.97,-0.71,0.55,-1.59,0.24,0.07,-0.15,0.00
15.899,0.16,0.00,0.97,1.21,-0.08,-0.00,0.24,0.07,-0.15,0.00
15.938,0.25,0.04,0.95,1.21,-0.08,-0.00,0.24,0.07,-0.15,0.00
15.948,0.25,0.04,0.95,1.21,-0.08,-0.00,0.17,-1.03,-0.31,0.00
15.949,0.25,0.04,0.95,0.90,0.63,-0.29,0.17,-1.03,-0.31,0.00
16.017,0.21,0.11,0.93,0.90,0.63,-0.29,0.17,-1.03,-0.31,0.00
16.021,0.21,0.11,0.93,0.90,0.63,-0.29,0.64,-0.61,0.06,0.00
16.022,0.21,0.11,0.93,0.13,0.59,-0.44,0.64,-0.61,0.06,0.00
16.106,0.28,0.10,0.85,0.13,0.59,-0.44,0.64,-0.61,0.06,0.00
16.109,0.28,0.10,0.85,0.13,0.59,-0.44,0.41,-0.63,-0.26,0.00
16.11,0.28,0.10,0.85,0.48,0.06,-0.84,0.41,-0.63,-0.26,0.00
16.136,0.28,0.11,0.98,0.48,0.06,-0.84,0.41,-0.63,-0.26,0.00
16.146,0.28,0.11,0.98,0.48,0.06,-0.84,0.11,-0.42,-0.26,0.00
16.146,0.28,0.11,0.98,0.24,-0.09,0.62,0.11,-0.42,-0.26,0.00
16.206,0.23,0.05,1.07,0.24,-0.09,0.62,0.11,-0.42,-0.26,0.00
16.212,0.23,0.05,1.07,0.24,-0.09,0.62,-0.24,-0.01,-0.16,0.00
16.213,0.23,0.05,1.07,-0.32,-0.41,1.04,-0.24,-0.01,-0.16,0.00
16.305,0.23,-0.03,1.03,-0.32,-0.41,1.04,-0.24,-0.01,-0.16,0.00
16.308,0.23,-0.03,1.03,-0.32,-0.41,1.04,-0.61,0.29,-0.26,0.00
16.308,0.23,-0.03,1.03,-0.63,-0.90,0.65,-0.61,0.29,-0.26,0.00
16.335,0.15,0.02,1.15,-0.63,-0.90,0.65,-0.61,0.29,-0.26,0.00
16.344,0.15,0.02,1.15,-0.63,-0.90,0.65,-0.41,0.63,-0.10,0.00
16.344,0.15,0.02,1.15,0.09,-0.23,2.27,-0.41,0.63,-0.10,0.00
16.407,0.18,0.03,1.16,0.09,-0.23,2.27,-0.41,0.63,-0.10,0.00
16.411,0.18,0.03,1.16,0.09,-0.23,2.27,-0.13,0.35,0.11,0.00
16.413,0.18,0.03,1.16,-0.03,0.28,1.07,-0.13,0.35,0.11,0.00
16.501,0.19,0.05,0.75,-0.03,0.28,1.07,-0.13,0.35,0.11,0.00
16.506,0.19,0.05,0.75,-0.03,0.28,1.07,0.16,-0.21,0.17,0.00
16.507,0.19,0.05,0.75,0.02,0.23,-2.28,0.16,-0.21,0.17,0.00
16.532,0.12,0.02,0.80,0.02,0.23,-2.28,0.16,-0.21,0.17,0.00
16.542,0.12,0.02,0.80,0.02,0.23,-2.28,0.14,0.05,0.36,0.00
16.543,0.12,0.02,0.80,-0.60,-0.09,-1.81,0.14,0.05,0.36,0.00
16.604,0.22,-0.00,0.93,-0.60,-0.09,-1.81,0.14,0.05,0.36,0.00
16.609,0.22,-0.00,0.93,-0.60,-0.09,-1.81,-0.14,-0.23,0.31,0.00
16.61,0.22,-0.00,0.93,0.25,-0.23,-0.47,-0.14,-0.23,0.31,0.00
16.672,0.05,0.02,1.04,0.25,-0.23,-0.47,-0.14,-0.23,0.31,0.00
16.677,0.05,0.02,1.04,0.25,-0.23,-0.47,0.15,0.61,1.11,0.00
16.677,0.05,0.02,1.04,-1.18,0.12,0.51,0.15,0.61,1.11,0.00
16.729,0.18,0.02,1.23,-1.18,0.12,0.51,0.15,0.61,1.11,0.00
16.74,0.18,0.02,1.23,-1.18,0.12,0.51,0.14,0.37,0.84,0.00
16.74,0.18,0.02,1.23,0.44,0.10,2.38,0.14,0.37,0.84,0.00
16.802,0.28,0.03,1.11,0.44,0.10,2.38,0.14,0.37,0.84,0.00
16.806,0.28,0.03,1.11,0.44,0.10,2.38,0.13,-0.52,0.05,0.00
16.806,0.28,0.03,1.11,1.24,-0.18,0.84,0.13,-0.52,0.05,0.00
16.862,0.13,0.01,1.15,1.24,-0.18,0.84,0.13,-0.52,0.05,0.00
16.925,0.13,0.01,1.15,1.24,-0.18,0.84,-0.22,-0.18,-0.23,0.00
16.927,0.13,0.01,1.15,-0.44,-0.06,1.58,-0.22,-0.18,-0.23,0.00
16.928,0.07,0.10,0.79,-0.44,-0.06,1.58,-0.22,-0.18,-0.23,0.00
16.938,0.07,0.10,0.79,-0.44,-0.06,1.58,0.23,0.48,-0.13,0.00
16.938,0.07,0.10,0.79,-0.75,0.78,-1.94,0.23,0.48,-0.13,0.00
16.993,0.13,0.09,0.93,-0.75,0.78,-1.94,0.23,0.48,-0.13,0.00
17.004,0.13,0.09,0.93,-0.75,0.78,-1.94,0.42,0.14,-0.49,0.00
17.005,0.13,0.09,0.93,0.03,0.24,-0.26,0.42,0.14,-0.49,0.00
17.059,0.27,0.07,0.89,0.03,0.24,-0.26,0.42,0.14,-0.49,0.00
17.115,0.27,0.07,0.89,0.03,0.24,-0.26,-0.06,-0.81,-1.00,0.00
17.117,0.27,0.07,0.89,1.02,-0.07,-0.93,-0.06,-0.81,-1.00,0.00
17.126,0.22,0.07,0.83,1.02,-0.07,-0.93,-0.06,-0.81,-1.00,0.00
17.137,0.22,0.07,0.83,1.02,-0.07,-0.93,-0.11,-0.93,-0.82,0.00
17.142,0.22,0.07,0.83,-0.05,-0.04,-1.42,-0.11,-0.93,-0.82,0.00
17.215,0.18,0.07,0.93,-0.05,-0.04,-1.42,-0.11,-0.93,-0.82,0.00
17.217,0.18,0.07,0.93,-0.05,-0.04,-1.42,-0.00,-0.16,-0.37,0.00
17.218,0.18,0.07,0.93,-0.53,-0.05,-0.74,-0.00,-0.16,-0.37,0.00
17.258,0.18,0.11,0.96,-0.53,-0.05,-0.74,-0.00,-0.16,-0.37,0.00
17.27,0.18,0.11,0.96,-0.53,-0.05,-0.74,0.04,0.29,0.00,0.00
17.271,0.18,0.11,0.96,-0.31,0.30,-0.12,0.04,0.29,0.00,0.00
17.331,0.41,0.21,1.14,-0.31,0.30,-0.12,0.04,0.29,0.00,0.00
17.34,0.41,0.21,1.14,-0.31,0.30,-0.12,0.89,-0.09,0.41,0.00
17.341,0.41,0.21,1.14,1.98,0.74,1.67,0.89,-0.09,0.41,0.00
17.408,0.27,0.07,1.16,1.98,0.74,1.67,0.89,-0.09,0.41,0.00
17.413,0.27,0.07,1.16,1.98,0.74,1.67,0.25,-0.48,0.02,0.00
17.414,0.27,0.07,1.16,0.55,-0.02,1.13,0.25,-0.48,0.02,0.00
17.455,0.01,0.08,1.08,0.55,-0.02,1.13,0.25,-0.48,0.02,0.00
17.467,0.01,0.08,1.08,0.55,-0.02,1.13,-0.34,1.08,0.65,0.00
17.468,0.01,0.08,1.08,-1.65,-0.27,-0.21,-0.34,1.08,0.65,0.00
17.526,0.10,0.03,0.84,-1.65,-0.27,-0.21,-0.34,1.08,0.65,0.00
17.532,0.10,0.03,0.84,-1.65,-0.27,-0.21,-0.22,0.75,0.34,0.00
17.533,0.10,0.03,0.84,-0.39,-0.58,-1.39,-0.22,0.75,0.34,0.00
17.611,0.17,0.01,1.01,-0.39,-0.58,-1.39,-0.22,0.75,0.34,0.00
17.612,0.17,0.01,1.01,-0.39,-0.58,-1.39,-0.51,0.16,0.24,0.00
17.613,0.17,0.01,1.01,0.55,-0.42,0.15,-0.51,0.16,0.24,0.00
17.653,0.09,0.07,0.96,0.55,-0.42,0.15,-0.51,0.16,0.24,0.00
17.665,0.09,0.07,0.96,0.55,-0.42,0.15,0.05,-0.06,0.59,0.00
17.666,0.09,0.07,0.96,-0.43,0.33,-0.26,0.05,-0.06,0.59,0.00
17.719,0.14,0.11,0.94,-0.43,0.33,-0.26,0.05,-0.06,0.59,0.00
17.731,0.14,0.11,0.94,-0.43,0.33,-0.26,0.47,0.07,0.76,0.00
17.732,0.14,0.11,0.94,0.16,0.46,-0.45,0.47,0.07,0.76,0.00
17.792,0.09,0.12,0.97,0.16,0.46,-0.45,0.47,0.07,0.76,0.00
17.799,0.09,0.12,0.97,0.16,0.46,-0.45,0.80,0.16,0.80,0.00
17.8,0.09,0.12,0.97,-0.38,0.19,-0.13,0.80,0.16,0.80,0.00
17.851,0.10,0.03,1.10,-0.38,0.19,-0.13,0.80,0.16,0.80,0.00
17.865,0.10,0.03,1.10,-0.38,0.19,-0.13,-0.23,0.26,0.11,0.00
17.866,0.10,0.03,1.10,-0.06,-0.65,1.09,-0.23,0.26,0.11,0.00
17.921,0.25,0.02,1.23,-0.06,-0.65,1.09,-0.23,0.26,0.11,0.00
17.928,0.25,0.02,1.23,-0.06,-0.65,1.09,-0.59,-0.35,-0.49,0.00
17.928,0.25,0.02,1.23,1.27,-0.37,2.30,-0.59,-0.35,-0.49,0.00
18.022,0.32,0.04,1.04,1.27,-0.37,2.30,-0.59,-0.35,-0.49,0.00
18.033,0.32,0.04,1.04,1.27,-0.37,2.30,-0.35,-0.88,-0.90,0.00
18.034,0.32,0.04,1.04,1.42,-0.07,0.55,-0.35,-0.88,-0.90,0.00
18.049,0.12,-0.00,0.99,1.42,-0.07,0.55,-0.35,-0.88,-0.90,0.00
18.061,0.12,-0.00,0.99,1.42,-0.07,0.55,-0.45,-0.31,-0.92,0.00
18.062,0.12,-0.00,0.99,-0.80,-0.32,0.11,-0.45,-0.31,-0.92,0.00
18.123,0.04,0.05,0.91,-0.80,-0.32,0.11,-0.45,-0.31,-0.92,0.00
18.126,0.04,0.05,0.91,-0.80,-0.32,0.11,-0.08,0.68,-0.43,0.00
18.127,0.04,0.05,0.91,-1.18,0.31,-0.78,-0.08,0.68,-0.43,0.00
18.19,0.16,0.07,0.89,-1.18,0.31,-0.78,-0.08,0.68,-0.43,0.00
18.193,0.16,0.07,0.89,-1.18,0.31,-0.78,0.18,0.20,-0.60,0.00
18.199,0.16,0.07,0.89,0.27,0.32,-0.96,0.18,0.20,-0.60,0.00
18.247,0.24,0.13,0.78,0.27,0.32,-0.96,0.18,0.20,-0.60,0.00
18.259,0.24,0.13,0.78,0.27,0.32,-0.96,0.41,-0.92,-0.89,0.00
18.26,0.24,0.13,0.78,0.46,0.51,-1.98,0.41,-0.92,-0.89,0.00
18.324,0.12,0.15,0.80,0.46,0.51,-1.98,0.41,-0.92,-0.89,0.00
18.326,0.12,0.15,0.80,0.46,0.51,-1.98,0.55,-0.15,-0.43,0.00
18.327,0.12,0.15,0.80,-0.83,0.33,-1.70,0.55,-0.15,-0.43,0.00
18.414,0.14,0.20,0.88,-0.83,0.33,-1.70,0.55,-0.15,-0.43,0.00
18.416,0.14,0.20,0.88,-0.83,0.33,-1.70,0.74,0.40,0.12,0.00
18.417,0.14,0.20,0.88,-0.42,0.36,-0.91,0.74,0.40,0.12,0.00
18.445,0.28,0.20,1.02,-0.42,0.36,-0.91,0.74,0.40,0.12,0.00
18.46,0.28,0.20,1.02,-0.42,0.36,-0.91,0.22,-0.43,-0.11,0.00
18.465,0.28,0.20,1.02,0.65,0.15,1.42,0.22,-0.43,-0.11,0.00
18.512,0.21,0.12,1.26,0.65,0.15,1.42,0.22,-0.43,-0.11,0.00
18.522,0.21,0.12,1.26,0.65,0.15,1.42,-0.18,0.15,0.25,0.00
18.522,0.21,0.12,1.26,0.04,-0.55,2.88,-0.18,0.15,0.25,0.00
18.631,0.03,0.13,1.25,0.04,-0.55,2.88,-0.18,0.15,0.25,0.00
18.634,0.03,0.13,1.25,0.04,-0.55,2.88,-0.52,0.92,0.64,0.00
18.635,0.03,0.13,1.25,-1.23,-0.08,2.68,-0.52,0.92,0.64,0.00
18.647,0.12,0.11,0.92,-1.23,-0.08,2.68,-0.52,0.92,0.64,0.00
18.655,0.12,0.11,0.92,-1.23,-0.08,2.68,-0.02,0.42,0.64,0.00
18.657,0.12,0.11,0.92,-0.42,-0.28,-1.22,-0.02,0.42,0.64,0.00
18.71,0.08,0.08,1.06,-0.42,-0.28,-1.22,-0.02,0.42,0.64,0.00
18.72,0.08,0.08,1.06,-0.42,-0.28,-1.22,-0.18,0.49,1.04,0.00
18.721,0.08,0.08,1.06,-0.09,-0.33,0.64,-0.18,0.49,1.04,0.00
18.783,0.13,0.06,0.85,-0.09,-0.33,0.64,-0.18,0.49,1.04,0.00
18.792,0.13,0.06,0.85,-0.09,-0.33,0.64,-0.10,-0.03,1.08,0.00
18.793,0.13,0.06,0.85,0.36,-0.36,-1.38,-0.10,-0.03,1.08,0.00
18.842,0.11,-0.04,0.82,0.36,-0.36,-1.38,-0.10,-0.03,1.08,0.00
18.864,0.11,-0.04,0.82,0.36,-0.36,-1.38,-0.60,-0.19,0.63,0.00
18.866,0.11,-0.04,0.82,0.03,-1.00,-1.69,-0.60,-0.19,0.63,0.00
18.917,0.14,-0.18,0.87,0.03,-1.00,-1.69,-0.60,-0.19,0.63,0.00
18.918,0.14,-0.18,0.87,0.03,-1.00,-1.69,-1.28,-0.50,-0.19,0.00
18.919,0.14,-0.18,0.87,0.35,-1.30,-1.50,-1.28,-0.50,-0.19,0.00
18.973,0.16,-0.24,1.07,0.35,-1.30,-1.50,-1.28,-0.50,-0.19,0.00
18.984,0.16,-0.24,1.07,0.35,-1.30,-1.50,-1.58,-0.12,-0.36,0.00
18.984,0.16,-0.24,1.07,0.14,-0.98,0.87,-1.58,-0.12,-0.36,0.00
19.039,0.15,-0.10,1.14,0.14,-0.98,0.87,-1.58,-0.12,-0.36,0.00
19.051,0.15,-0.10,1.14,0.14,-0.98,0.87,-0.18,-0.04,-0.09,0.00
19.052,0.15,-0.10,1.14,-0.10,0.49,1.64,-0.18,-0.04,-0.09,0.00
19.128,0.15,-0.10,1.14,-0.10,0.49,1.64,0.77,0.09,0.20,0.00
19.132,0.15,-0.10,1.14,0.79,0.93,3.52,0.77,0.09,0.20,0.00
19.133,0.22,0.03,1.35,0.79,0.93,3.52,0.77,0.09,0.20,0.00
19.171,0.09,0.11,0.96,0.79,0.93,3.52,0.77,0.09,0.20,0.00
19.186,0.09,0.11,0.96,0.79,0.93,3.52,1.12,0.14,0.10,0.00
19.187,0.09,0.11,0.96,-0.51,1.46,-0.34,1.12,0.14,0.10,0.00
19.255,0.22,0.13,0.92,-0.51,1.46,-0.34,1.12,0.14,0.10,0.00
19.259,0.22,0.13,0.92,-0.51,1.46,-0.34,1.00,-0.19,-0.27,0.00
19.259,0.22,0.13,0.92,0.71,0.92,-0.70,1.00,-0.19,-0.27,0.00
19.305,0.30,0.06,0.96,0.71,0.92,-0.70,1.00,-0.19,-0.27,0.00
19.314,0.30,0.06,0.96,0.71,0.92,-0.70,0.13,-0.93,-0.95,0.00
19.314,0.30,0.06,0.96,0.83,-0.25,-0.06,0.13,-0.93,-0.95,0.00
19.369,0.10,0.09,0.81,0.83,-0.25,-0.06,0.13,-0.93,-0.95,0.00
19.38,0.10,0.09,0.81,0.83,-0.25,-0.06,-0.07,-0.18,-0.61,0.00
19.38,0.10,0.09,0.81,-1.20,0.24,-1.58,-0.07,-0.18,-0.61,0.00
19.452,0.20,0.12,0.82,-1.20,0.24,-1.58,-0.07,-0.18,-0.61,0.00
19.457,0.20,0.12,0.82,-1.20,0.24,-1.58,0.29,0.10,-0.36,0.00
19.457,0.20,0.12,0.82,-0.07,0.28,-1.52,0.29,0.10,-0.36,0.00
19.543,0.28,0.13,0.77,-0.07,0.28,-1.52,0.29,0.10,-0.36,0.00
19.546,0.28,0.13,0.77,-0.07,0.28,-1.52,0.26,-0.71,-0.78,0.00
19.547,0.28,0.13,0.77,0.34,0.07,-1.86,0.26,-0.71,-0.78,0.00
19.568,0.30,0.14,1.07,0.34,0.07,-1.86,0.26,-0.71,-0.78,0.00
19.578,0.30,0.14,1.07,0.34,0.07,-1.86,0.10,-0.22,-0.01,0.00
19.578,0.30,0.14,1.07,-0.12,0.34,2.06,0.10,-0.22,-0.01,0.00
19.633,0.21,0.16,1.24,-0.12,0.34,2.06,0.10,-0.22,-0.01,0.00
19.648,0.21,0.16,1.24,-0.12,0.34,2.06,0.39,0.85,1.09,0.00
19.649,0.21,0.16,1.24,-0.24,0.14,2.72,0.39,0.85,1.09,0.00
19.705,0.12,0.08,1.29,-0.24,0.14,2.72,0.39,0.85,1.09,0.00
19.711,0.12,0.08,1.29,-0.24,0.14,2.72,-0.24,1.05,1.10,0.00
19.712,0.12,0.08,1.29,-0.59,-0.31,3.07,-0.24,1.05,1.10,0.00
19.766,0.11,0.15,0.92,-0.59,-0.31,3.07,-0.24,1.05,1.10,0.00
19.776,0.11,0.15,0.92,-0.59,-0.31,3.07,0.26,0.61,0.78,0.00
19.776,0.11,0.15,0.92,-0.58,0.10,-1.32,0.26,0.61,0.78,0.00
19.865,0.12,0.00,1.09,-0.58,0.10,-1.32,0.26,0.61,0.78,0.00
19.869,0.12,0.00,1.09,-0.58,0.10,-1.32,-0.00,0.61,0.71,0.00
19.87,0.12,0.00,1.09,0.44,-1.37,0.61,-0.00,0.61,0.71,0.00
19.899,0.08,-0.01,0.85,0.44,-1.37,0.61,-0.00,0.61,0.71,0.00
19.955,0.08,-0.01,0.85,0.44,-1.37,0.61,-0.70,0.05,0.36,0.00
19.956,0.08,-0.01,0.85,-0.26,-0.72,-1.40,-0.70,0.05,0.36,0.00
19.963,0.09,0.01,0.85,-0.26,-0.72,-1.40,-0.70,0.05,0.36,0.00
19.974,0.09,0.01,0.85,-0.26,-0.72,-1.40,-0.33,0.05,0.49,0.00
19.974,0.09,0.01,0.85,-0.10,-0.21,-1.62,-0.33,0.05,0.49,0.00
20.029,0.08,-0.03,0.79,-0.10,-0.21,-1.62,-0.33,0.05,0.49,0.00
20.049,0.08,-0.03,0.79,-0.10,-0.21,-1.62,-0.40,-0.01,0.28,0.00
20.051,0.08,-0.03,0.79,-0.19,-0.54,-1.89,-0.40,-0.01,0.28,0.00
20.112,0.14,-0.13,0.92,-0.19,-0.54,-1.89,-0.40,-0.01,0.28,0.00
20.112,0.14,-0.13,0.92,-0.19,-0.54,-1.89,-0.97,-0.27,-0.22,0.00
20.113,0.14,-0.13,0.92,0.14,-0.75,-0.71,-0.97,-0.27,-0.22,0.00
20.161,0.27,-0.12,1.19,0.14,-0.75,-0.71,-0.97,-0.27,-0.22,0.00
20.172,0.27,-0.12,1.19,0.14,-0.75,-0.71,-0.57,-0.59,-0.32,0.00
20.172,0.27,-0.12,1.19,1.12,-0.31,2.04,-0.57,-0.59,-0.32,0.00
20.227,0.30,-0.06,1.32,1.12,-0.31,2.04,-0.57,-0.59,-0.32,0.00
20.24,0.30,-0.06,1.32,1.12,-0.31,2.04,0.25,-0.41,-0.03,0.00
20.241,0.30,-0.06,1.32,0.81,0.28,2.61,0.25,-0.41,-0.03,0.00
20.295,0.12,0.06,1.08,0.81,0.28,2.61,0.25,-0.41,-0.03,0.00
20.317,0.12,0.06,1.08,0.81,0.28,2.61,0.57,0.23,0.06,0.00
20.319,0.12,0.06,1.08,-0.54,1.06,0.95,0.57,0.23,0.06,0.00
20.36,0.11,0.11,0.76,-0.54,1.06,0.95,0.57,0.23,0.06,0.00
20.37,0.11,0.11,0.76,-0.54,1.06,0.95,0.95,0.28,-0.03,0.00
20.37,0.11,0.11,0.76,-0.35,0.92,-2.28,0.95,0.28,-0.03,0.00
20.434,0.24,0.01,1.01,-0.35,0.92,-2.28,0.95,0.28,-0.03,0.00
20.437,0.24,0.01,1.01,-0.35,0.92,-2.28,0.28,-0.30,-0.58,0.00
20.438,0.24,0.01,1.01,1.37,-0.70,1.07,0.28,-0.30,-0.58,0.00
20.507,0.29,0.06,1.04,1.37,-0.70,1.07,0.28,-0.30,-0.58,0.00
20.509,0.29,0.06,1.04,1.37,-0.70,1.07,-0.26,-0.75,-0.72,0.00
20.51,0.29,0.06,1.04,0.77,0.29,0.63,-0.26,-0.75,-0.72,0.00
20.558,0.19,0.14,0.80,0.77,0.29,0.63,-0.26,-0.75,-0.72,0.00
20.568,0.19,0.14,0.80,0.77,0.29,0.63,0.44,-0.30,-0.24,0.00
20.568,0.19,0.14,0.80,-0.44,0.74,-1.63,0.44,-0.30,-0.24,0.00
20.642,0.27,0.20,0.87,-0.44,0.74,-1.63,0.44,-0.30,-0.24,0.00
20.645,0.27,0.20,0.87,-0.44,0.74,-1.63,0.80,-0.25,-0.28,0.00
20.646,0.27,0.20,0.87,0.16,0.83,-0.93,0.80,-0.25,-0.28,0.00
20.689,0.23,0.18,1.00,0.16,0.83,-0.93,0.80,-0.25,-0.28,0.00
20.7,0.23,0.18,1.00,0.16,0.83,-0.93,0.53,0.09,-0.06,0.00
20.7,0.23,0.18,1.00,-0.56,0.05,1.25,0.53,0.09,-0.06,0.00
20.755,0.05,0.16,1.12,-0.56,0.05,1.25,0.53,0.09,-0.06,0.00
20.766,0.05,0.16,1.12,-0.56,0.05,1.25,0.14,1.24,0.82,0.00
20.766,0.05,0.16,1.12,-1.26,0.08,1.42,0.14,1.24,0.82,0.00
20.847,0.03,0.06,1.23,-1.26,0.08,1.42,0.14,1.24,0.82,0.00
20.849,0.03,0.06,1.23,-1.26,0.08,1.42,-0.42,1.05,0.25,0.00
20.85,0.03,0.06,1.23,-0.86,-0.58,2.43,-0.42,1.05,0.25,0.00
20.888,0.01,0.17,1.09,-0.86,-0.58,2.43,-0.42,1.05,0.25,0.00
20.899,0.01,0.17,1.09,-0.86,-0.58,2.43,0.04,0.83,0.63,0.00
20.899,0.01,0.17,1.09,-0.61,0.87,0.17,0.04,0.83,0.63,0.00
20.955,-0.07,0.16,1.07,-0.61,0.87,0.17,0.04,0.83,0.63,0.00
20.964,-0.07,0.16,1.07,-0.61,0.87,0.17,0.35,0.88,0.83,0.00
20.965,-0.07,0.16,1.07,-0.77,0.21,0.76,0.35,0.88,0.83,0.00
21.028,0.04,0.05,1.13,-0.77,0.21,0.76,0.35,0.88,0.83,0.00
21.038,0.04,0.05,1.13,-0.77,0.21,0.76,-0.37,0.19,-0.11,0.00
21.04,0.04,0.05,1.13,0.44,-0.70,1.36,-0.37,0.19,-0.11,0.00
21.086,0.07,0.00,0.85,0.44,-0.70,1.36,-0.37,0.19,-0.11,0.00
21.096,0.07,0.00,0.85,0.44,-0.70,1.36,-0.67,-0.49,-0.83,0.00
21.096,0.07,0.00,0.85,0.57,-0.77,-1.75,-0.67,-0.49,-0.83,0.00
21.151,0.10,-0.04,0.75,0.57,-0.77,-1.75,-0.67,-0.49,-0.83,0.00
21.162,0.10,-0.04,0.75,0.57,-0.77,-1.75,-0.70,-0.60,-0.87,0.00
21.163,0.10,-0.04,0.75,0.15,-0.23,-2.08,-0.70,-0.60,-0.87,0.00
21.231,0.22,-0.08,0.83,0.15,-0.23,-2.08,-0.70,-0.60,-0.87,0.00
21.237,0.22,-0.08,0.83,0.15,-0.23,-2.08,-0.61,-1.00,-0.85,0.00
21.238,0.22,-0.08,0.83,0.62,-0.84,-2.01,-0.61,-1.00,-0.85,0.00
21.284,0.20,-0.12,0.97,0.62,-0.84,-2.01,-0.61,-1.00,-0.85,0.00
21.294,0.20,-0.12,0.97,0.62,-0.84,-2.01,-0.90,-0.55,-0.60,0.00
21.294,0.20,-0.12,0.97,0.27,-0.56,-0.13,-0.90,-0.55,-0.60,0.00
21.349,0.29,-0.11,1.07,0.27,-0.56,-0.13,-0.90,-0.55,-0.60,0.00
21.36,0.29,-0.11,1.07,0.27,-0.56,-0.13,-0.50,-0.57,-0.53,0.00
21.36,0.29,-0.11,1.07,0.82,-0.18,0.91,-0.50,-0.57,-0.53,0.00
21.464,0.34,-0.05,1.20,0.82,-0.18,0.91,-0.50,-0.57,-0.53,0.00
21.467,0.34,-0.05,1.20,0.82,-0.18,0.91,0.12,-0.51,-0.45,0.00
21.468,0.34,-0.05,1.20,0.99,0.27,2.31,0.12,-0.51,-0.45,0.00
21.491,0.19,0.05,1.12,0.99,0.27,2.31,0.12,-0.51,-0.45,0.00
21.497,0.19,0.05,1.12,0.99,0.27,2.31,0.59,0.17,0.17,0.00
21.497,0.19,0.05,1.12,-0.47,1.02,1.45,0.59,0.17,0.17,0.00
21.547,0.10,0.14,0.83,-0.47,1.02,1.45,0.59,0.17,0.17,0.00
21.558,0.10,0.14,0.83,-0.47,1.02,1.45,1.22,0.61,0.37,0.00
21.558,0.10,0.14,0.83,-0.95,1.10,-1.46,1.22,0.61,0.37,0.00
21.613,0.09,0.05,1.07,-0.95,1.10,-1.46,1.22,0.61,0.37,0.00
21.626,0.09,0.05,1.07,-0.95,1.10,-1.46,0.40,0.75,0.25,0.00
21.627,0.09,0.05,1.07,-0.06,-0.37,0.84,0.40,0.75,0.25,0.00
21.681,0.23,0.04,0.91,-0.06,-0.37,0.84,0.40,0.75,0.25,0.00
21.69,0.23,0.04,0.91,-0.06,-0.37,0.84,-0.25,-0.37,-0.81,0.00
21.69,0.23,0.04,0.91,0.77,-0.20,-0.74,-0.25,-0.37,-0.81,0.00
21.771,0.13,0.09,0.87,0.77,-0.20,-0.74,-0.25,-0.37,-0.81,0.00
21.774,0.13,0.09,0.87,0.77,-0.20,-0.74,-0.00,-0.21,-0.73,0.00
21.776,0.13,0.09,0.87,-0.40,0.29,-1.14,-0.00,-0.21,-0.73,0.00
21.812,0.13,0.19,0.92,-0.40,0.29,-1.14,-0.00,-0.21,-0.73,0.00
21.831,0.13,0.19,0.92,-0.40,0.29,-1.14,0.76,0.16,-0.06,0.00
21.832,0.13,0.19,0.92,-0.37,0.95,-0.21,0.76,0.16,-0.06,0.00
21.877,0.18,0.20,1.04,-0.37,0.95,-0.21,0.76,0.16,-0.06,0.00
21.888,0.18,0.20,1.04,-0.37,0.95,-0.21,0.82,0.31,0.65,0.00
21.888,0.18,0.20,1.04,0.26,0.41,0.64,0.82,0.31,0.65,0.00
21.953,0.17,0.20,1.29,0.26,0.41,0.64,0.82,0.31,0.65,0.00
21.958,0.17,0.20,1.29,0.26,0.41,0.64,0.11,-0.05,0.24,0.00
21.959,0.17,0.20,1.29,0.14,0.33,3.15,0.11,-0.05,0.24,0.00
22.009,0.18,0.02,1.22,0.14,0.33,3.15,0.11,-0.05,0.24,0.00
22.028,0.18,0.02,1.22,0.14,0.33,3.15,-0.77,0.12,-0.13,0.00
22.029,0.18,0.02,1.22,0.33,-1.10,2.31,-0.77,0.12,-0.13,0.00
22.1,0.18,0.02,1.22,0.33,-1.10,2.31,-1.19,0.32,-0.39,0.00
22.108,0.18,0.02,1.22,-0.52,-1.13,0.48,-1.19,0.32,-0.39,0.00
22.109,0.14,-0.03,1.02,-0.52,-1.13,0.48,-1.19,0.32,-0.39,0.00
22.15,0.12,0.01,0.87,-0.52,-1.13,0.48,-1.19,0.32,-0.39,0.00
22.153,0.12,0.01,0.87,-0.52,-1.13,0.48,-0.64,-0.38,-0.46,0.00
22.154,0.12,0.01,0.87,-0.22,-0.10,-1.22,-0.64,-0.38,-0.46,0.00
22.207,-0.01,-0.04,1.01,-0.22,-0.10,-1.22,-0.64,-0.38,-0.46,0.00
22.22,-0.01,-0.04,1.01,-0.22,-0.10,-1.22,-0.24,0.70,1.11,0.00
22.221,-0.01,-0.04,1.01,-1.14,-0.32,0.18,-0.24,0.70,1.11,0.00
22.292,0.02,-0.03,0.86,-1.14,-0.32,0.18,-0.24,0.70,1.11,0.00
22.295,0.02,-0.03,0.86,-1.14,-0.32,0.18,-0.02,1.10,1.64,0.00
22.297,0.02,-0.03,0.86,-0.71,-0.03,-0.90,-0.02,1.10,1.64,0.00
22.351,0.18,-0.11,0.92,-0.71,-0.03,-0.90,-0.02,1.10,1.64,0.00
22.354,0.18,-0.11,0.92,-0.71,-0.03,-0.90,-0.28,-0.03,0.28,0.00
22.354,0.18,-0.11,0.92,1.42,-0.76,-0.79,-0.28,-0.03,0.28,0.00
22.405,0.22,-0.13,0.88,1.42,-0.76,-0.79,-0.28,-0.03,0.28,0.00
22.419,0.22,-0.13,0.88,1.42,-0.76,-0.79,-0.86,-1.19,-1.17,0.00
22.422,0.22,-0.13,0.88,0.94,-0.42,-1.04,-0.86,-1.19,-1.17,0.00
22.514,0.24,-0.09,0.94,0.94,-0.42,-1.04,-0.86,-1.19,-1.17,0.00
22.521,0.24,-0.09,0.94,0.94,-0.42,-1.04,-0.26,-0.83,-0.66,0.00
22.522,0.24,-0.09,0.94,0.17,0.43,-0.18,-0.26,-0.83,-0.66,0.00
22.538,0.21,-0.04,1.10,0.17,0.43,-0.18,-0.26,-0.83,-0.66,0.00
22.548,0.21,-0.04,1.10,0.17,0.43,-0.18,0.42,-0.16,0.01,0.00
22.55,0.21,-0.04,1.10,0.04,0.36,1.25,0.42,-0.16,0.01,0.00
22.607,0.16,0.07,1.20,0.04,0.36,1.25,0.42,-0.16,0.01,0.00
22.616,0.16,0.07,1.20,0.04,0.36,1.25,0.81,0.36,0.50,0.00
22.617,0.16,0.07,1.20,-0.21,1.00,2.09,0.81,0.36,0.50,0.00
22.672,0.15,0.11,1.19,-0.21,1.00,2.09,0.81,0.36,0.50,0.00
22.68,0.15,0.11,1.19,-0.21,1.00,2.09,0.95,0.40,0.43,0.00
22.682,0.15,0.11,1.19,-0.09,0.89,2.00,0.95,0.40,0.43,0.00
22.758,0.07,0.18,0.78,-0.09,0.89,2.00,0.95,0.40,0.43,0.00
22.762,0.07,0.18,0.78,-0.09,0.89,2.00,1.01,0.37,-0.06,0.00
22.762,0.07,0.18,0.78,-0.45,0.86,-2.37,1.01,0.37,-0.06,0.00
22.802,0.14,0.13,0.96,-0.45,0.86,-2.37,1.01,0.37,-0.06,0.00
22.816,0.14,0.13,0.96,-0.45,0.86,-2.37,0.49,-0.24,-0.73,0.00
22.817,0.14,0.13,0.96,0.07,-0.04,-0.22,0.49,-0.24,-0.73,0.00
22.867,0.18,0.12,1.22,0.07,-0.04,-0.22,0.49,-0.24,-0.73,0.00
22.878,0.18,0.12,1.22,0.07,-0.04,-0.22,-0.26,-0.18,-0.46,0.00
22.878,0.18,0.12,1.22,0.42,-0.11,2.29,-0.26,-0.18,-0.46,0.00
23.019,0.12,0.16,0.85,0.42,-0.11,2.29,-0.26,-0.18,-0.46,0.00
23.027,0.12,0.16,0.85,0.42,-0.11,2.29,0.18,-0.03,0.05,0.00
23.028,0.12,0.16,0.85,-0.20,0.35,-1.47,0.18,-0.03,0.05,0.00
23.028,0.16,0.14,0.88,-0.20,0.35,-1.47,0.18,-0.03,0.05,0.00
23.029,0.16,0.14,0.88,-0.20,0.35,-1.47,0.42,0.07,0.45,0.00
23.03,0.16,0.14,0.88,0.16,-0.16,-0.99,0.42,0.07,0.45,0.00
23.069,0.23,0.14,1.00,0.16,-0.16,-0.99,0.42,0.07,0.45,0.00
23.075,0.23,0.14,1.00,0.16,-0.16,-0.99,0.04,-0.32,0.55,0.00
23.076,0.23,0.14,1.00,0.67,-0.17,0.25,0.04,-0.32,0.55,0.00
23.144,0.21,0.20,1.06,0.67,-0.17,0.25,0.04,-0.32,0.55,0.00
23.145,0.21,0.20,1.06,0.67,-0.17,0.25,0.28,-0.17,1.26,0.00
23.146,0.21,0.20,1.06,0.16,0.39,0.86,0.28,-0.17,1.26,0.00
23.197,0.12,0.18,0.98,0.16,0.39,0.86,0.28,-0.17,1.26,0.00
23.209,0.12,0.18,0.98,0.16,0.39,0.86,0.45,0.73,1.70,0.00
23.21,0.12,0.18,0.98,-1.47,-0.28,0.10,0.45,0.73,1.70,0.00
23.265,-0.05,0.00,1.04,-1.47,-0.28,0.10,0.45,0.73,1.70,0.00
23.274,-0.05,0.00,1.04,-1.47,-0.28,0.10,-0.72,1.45,0.75,0.00
23.275,-0.05,0.00,1.04,-1.28,-1.26,0.50,-0.72,1.45,0.75,0.00
23.329,0.08,0.00,1.04,-1.28,-1.26,0.50,-0.72,1.45,0.75,0.00
23.341,0.08,0.00,1.04,-1.28,-1.26,0.50,-1.00,0.48,0.12,0.00
23.342,0.08,0.00,1.04,0.38,-0.58,0.37,-1.00,0.48,0.12,0.00
23.395,0.08,0.08,1.19,0.38,-0.58,0.37,-1.00,0.48,0.12,0.00
23.407,0.08,0.08,1.19,0.38,-0.58,0.37,-0.08,-0.04,1.06,0.00
23.408,0.08,0.08,1.19,0.21,-0.44,1.71,-0.08,-0.04,1.06,0.00
23.472,-0.04,-0.05,0.94,0.21,-0.44,1.71,-0.08,-0.04,1.06,0.00
23.475,-0.04,-0.05,0.94,0.21,-0.44,1.71,-0.42,0.33,1.19,0.00
23.475,-0.04,-0.05,0.94,-0.82,-0.69,-0.59,-0.42,0.33,1.19,0.00
23.528,-0.01,-0.12,1.02,-0.82,-0.69,-0.59,-0.42,0.33,1.19,0.00
23.538,-0.01,-0.12,1.02,-0.82,-0.69,-0.59,-0.80,0.37,1.27,0.00
23.539,-0.01,-0.12,1.02,-0.20,-0.93,0.24,-0.80,0.37,1.27,0.00
23.61,-0.01,-0.11,1.10,-0.20,-0.93,0.24,-0.80,0.37,1.27,0.00
23.613,-0.01,-0.11,1.10,-0.20,-0.93,0.24,-0.53,0.04,1.97,0.00
23.614,-0.01,-0.11,1.10,-0.07,-0.03,1.12,-0.53,0.04,1.97,0.00
23.686,0.08,-0.02,1.03,-0.07,-0.03,1.12,-0.53,0.04,1.97,0.00
23.688,0.08,-0.02,1.03,-0.07,-0.03,1.12,0.06,-0.23,2.67,0.00
23.694,0.08,-0.02,1.03,0.35,0.46,0.48,0.06,-0.23,2.67,0.00
23.725,0.04,-0.04,0.97,0.35,0.46,0.48,0.06,-0.23,2.67,0.00
23.735,0.04,-0.04,0.97,0.35,0.46,0.48,0.26,-0.48,2.51,0.00
23.736,0.04,-0.04,0.97,0.21,0.09,-0.32,0.26,-0.48,2.51,0.00
23.792,0.02,-0.09,0.98,0.21,0.09,-0.32,0.26,-0.48,2.51,0.00
23.809,0.02,-0.09,0.98,0.21,0.09,-0.32,-0.07,-0.24,1.93,0.00
23.811,0.02,-0.09,0.98,0.18,-0.25,0.44,-0.07,-0.24,1.93,0.00
23.868,0.10,-0.07,1.04,0.18,-0.25,0.44,-0.07,-0.24,1.93,0.00
23.87,0.10,-0.07,1.04,0.18,-0.25,0.44,-0.05,-0.46,1.55,0.00
23.87,0.10,-0.07,1.04,0.48,-0.04,0.38,-0.05,-0.46,1.55,0.00
23.923,0.08,-0.00,0.94,0.48,-0.04,0.38,-0.05,-0.46,1.55,0.00
23.934,0.08,-0.00,0.94,0.48,-0.04,0.38,0.33,-0.35,1.60,0.00
23.935,0.08,-0.00,0.94,0.06,0.43,-0.55,0.33,-0.35,1.60,0.00
23.99,0.08,0.04,0.93,0.06,0.43,-0.55,0.33,-0.35,1.60,0.00
24.008,0.08,0.04,0.93,0.06,0.43,-0.55,0.68,-0.17,1.61,0.00
24.009,0.08,0.04,0.93,0.22,0.09,-0.49,0.68,-0.17,1.61,0.00
24.096,0.13,-0.00,0.98,0.22,0.09,-0.49,0.68,-0.17,1.61,0.00
24.098,0.13,-0.00,0.98,0.22,0.09,-0.49,0.25,-0.27,1.23,0.00
24.099,0.13,-0.00,0.98,0.29,-0.01,-0.15,0.25,-0.27,1.23,0.00
24.121,0.10,0.03,1.09,0.29,-0.01,-0.15,0.25,-0.27,1.23,0.00
24.132,0.10,0.03,1.09,0.29,-0.01,-0.15,0.27,-0.02,0.94,0.00
24.132,0.10,0.03,1.09,-0.02,0.24,0.88,0.27,-0.02,0.94,0.00
24.187,-0.01,0.04,1.09,-0.02,0.24,0.88,0.27,-0.02,0.94,0.00
24.199,-0.01,0.04,1.09,-0.02,0.24,0.88,0.21,0.45,0.27,0.00
24.2,-0.01,0.04,1.09,-0.79,0.23,0.89,0.21,0.45,0.27,0.00
24.287,-0.04,0.07,1.01,-0.79,0.23,0.89,0.21,0.45,0.27,0.00
24.296,-0.04,0.07,1.01,-0.79,0.23,0.89,0.32,0.82,0.12,0.00
24.296,-0.04,0.07,1.01,-0.57,0.29,0.06,0.32,0.82,0.12,0.00
24.319,0.06,0.04,1.00,-0.57,0.29,0.06,0.32,0.82,0.12,0.00
24.329,0.06,0.04,1.00,-0.57,0.29,0.06,0.05,-0.04,0.63,0.00
24.33,0.06,0.04,1.00,1.20,-0.36,0.11,0.05,-0.04,0.63,0.00
24.402,0.18,0.05,1.02,1.20,-0.36,0.11,0.05,-0.04,0.63,0.00
24.405,0.18,0.05,1.02,1.20,-0.36,0.11,0.06,-0.83,1.73,0.00
24.406,0.18,0.05,1.02,1.03,0.10,0.24,0.06,-0.83,1.73,0.00
24.487,0.21,0.08,0.96,1.03,0.10,0.24,0.06,-0.83,1.73,0.00
24.49,0.21,0.08,0.96,1.03,0.10,0.24,0.50,-0.82,2.49,0.00
24.491,0.21,0.08,0.96,0.69,0.31,-0.26,0.50,-0.82,2.49,0.00
24.517,0.07,0.06,0.95,0.69,0.31,-0.26,0.50,-0.82,2.49,0.00
24.528,0.07,0.06,0.95,0.69,0.31,-0.26,0.32,0.10,1.60,0.00
24.529,0.07,0.06,0.95,-0.71,-0.21,-0.02,0.32,0.10,1.60,0.00
24.607,0.09,-0.00,1.01,-0.71,-0.21,-0.02,0.32,0.10,1.60,0.00
24.609,0.09,-0.00,1.01,-0.71,-0.21,-0.02,-0.11,0.37,1.33,0.00
24.61,0.09,-0.00,1.01,-0.27,-0.35,0.31,-0.11,0.37,1.33,0.00
24.659,0.14,-0.00,1.02,-0.27,-0.35,0.31,-0.11,0.37,1.33,0.00
24.663,0.14,-0.00,1.02,-0.27,-0.35,0.31,-0.08,-0.02,1.96,0.00
24.664,0.14,-0.00,1.02,0.25,-0.16,0.29,-0.08,-0.02,1.96,0.00
24.715,0.19,0.01,1.00,0.25,-0.16,0.29,-0.08,-0.02,1.96,0.00
24.726,0.19,0.01,1.00,0.25,-0.16,0.29,0.23,-0.35,2.26,0.00
24.726,0.19,0.01,1.00,0.40,-0.07,0.13,0.23,-0.35,2.26,0.00
24.783,0.11,0.01,1.01,0.40,-0.07,0.13,0.23,-0.35,2.26,0.00
24.801,0.11,0.01,1.01,0.40,-0.07,0.13,0.16,0.07,1.68,0.00
24.802,0.11,0.01,1.01,-0.30,0.04,0.17,0.16,0.07,1.68,0.00
24.847,0.15,0.05,1.03,-0.30,0.04,0.17,0.16,0.07,1.68,0.00
24.858,0.15,0.05,1.03,-0.30,0.04,0.17,0.41,-0.02,1.67,0.00
24.858,0.15,0.05,1.03,0.07,0.38,0.34,0.41,-0.02,1.67,0.00
24.914,0.09,0.12,1.11,0.07,0.38,0.34,0.41,-0.02,1.67,0.00
24.924,0.09,0.12,1.11,0.07,0.38,0.34,0.67,0.34,0.87,0.00
24.925,0.09,0.12,1.11,-0.17,0.60,0.96,0.67,0.34,0.87,0.00
24.983,0.08,0.10,0.97,-0.17,0.60,0.96,0.67,0.34,0.87,0.00
24.996,0.08,0.10,0.97,-0.17,0.60,0.96,0.47,0.34,0.86,0.00
25.002,0.08,0.10,0.97,-0.32,0.02,-0.57,0.47,0.34,0.86,0.00
